x0,y0,x1,y1,x2,y2,x3,y3,x4,y4,x5,y5,x6,y6,x7,y7,x8,y8,x9,y9,x10,y10,x11,y11,x12,y12,x13,y13,x14,y14,x15,y15,x16,y16,x17,y17,x18,y18,x19,y19,x20,y20,label
0.694472,0.779673,0.657388,0.730429,0.628728,0.655842,0.640551,0.597319,0.682345,0.584751,0.682438,0.552254,0.678111,0.472077,0.675592,0.421231,0.677323,0.377289,0.723357,0.564429,0.691475,0.546671,0.676237,0.611809,0.68414,0.640228,0.756996,0.594095,0.717932,0.589652,0.699551,0.647924,0.707584,0.666613,0.785885,0.636328,0.747067,0.628362,0.730086,0.667771,0.738013,0.681653,0
0.693126,0.780631,0.654719,0.733278,0.625785,0.65732,0.639035,0.596845,0.680559,0.584236,0.679566,0.552226,0.674603,0.474679,0.67181,0.424122,0.673273,0.380849,0.722027,0.563282,0.688144,0.544765,0.673255,0.611138,0.681729,0.640767,0.756538,0.592216,0.714131,0.589249,0.695937,0.648858,0.704649,0.669028,0.785484,0.633629,0.743467,0.629368,0.72691,0.668751,0.735627,0.683231,0
0.686198,0.782785,0.648028,0.736575,0.616018,0.659749,0.626713,0.600348,0.667876,0.585939,0.667066,0.555403,0.660728,0.477044,0.655545,0.428919,0.653846,0.387883,0.70918,0.567603,0.67786,0.542541,0.664369,0.607788,0.672653,0.638398,0.744514,0.595549,0.70412,0.588481,0.687583,0.646833,0.696628,0.666748,0.77537,0.635046,0.735262,0.624131,0.717938,0.663897,0.724963,0.6803,0
0.685092,0.782917,0.647033,0.737051,0.614892,0.662469,0.624564,0.600439,0.667757,0.58747,0.667821,0.55806,0.66158,0.47786,0.656089,0.428953,0.653931,0.385731,0.70938,0.568063,0.67525,0.548401,0.662625,0.614012,0.672408,0.64116,0.743314,0.594671,0.702086,0.591224,0.685966,0.650488,0.695644,0.669247,0.773133,0.633435,0.733245,0.6264,0.717648,0.666876,0.726188,0.682303,0
0.681706,0.783607,0.642993,0.736129,0.611849,0.662027,0.623,0.601831,0.664483,0.586844,0.662515,0.558917,0.655865,0.481022,0.64853,0.433656,0.644042,0.39291,0.702955,0.570089,0.672841,0.549625,0.659804,0.613628,0.667982,0.641887,0.737009,0.596141,0.700006,0.59067,0.683363,0.648838,0.691875,0.66756,0.767847,0.634049,0.731289,0.623387,0.714653,0.663975,0.722092,0.679979,0
0.679477,0.782287,0.641673,0.734195,0.611146,0.661467,0.621926,0.602509,0.662757,0.58725,0.661986,0.560091,0.655367,0.481475,0.649257,0.434984,0.646758,0.393529,0.701752,0.570581,0.671262,0.548024,0.6586,0.61246,0.66654,0.641576,0.735675,0.596161,0.699278,0.588966,0.683215,0.647801,0.691055,0.668125,0.76714,0.633447,0.732241,0.619559,0.71515,0.660716,0.721122,0.678154,0
0.668561,0.780502,0.629376,0.736289,0.59538,0.661662,0.606344,0.600029,0.648833,0.586196,0.644997,0.559489,0.63785,0.483759,0.630842,0.436923,0.62761,0.396298,0.686166,0.570289,0.658044,0.5497,0.647232,0.61628,0.656692,0.645591,0.721157,0.595704,0.686109,0.587992,0.67018,0.647926,0.678867,0.667729,0.752711,0.632182,0.718849,0.614866,0.700567,0.656866,0.705584,0.675233,0
0.668694,0.78047,0.628738,0.73644,0.596229,0.663113,0.608203,0.604125,0.648715,0.588428,0.643445,0.560105,0.63715,0.483918,0.631413,0.436582,0.628172,0.394152,0.684479,0.568764,0.654273,0.555048,0.643758,0.621118,0.653219,0.646826,0.719509,0.593151,0.684087,0.588904,0.668955,0.649555,0.67765,0.66719,0.751894,0.629779,0.715878,0.619438,0.69956,0.662543,0.706897,0.677548,0
0.640425,0.780181,0.598539,0.735524,0.565682,0.663924,0.575395,0.604662,0.614014,0.588432,0.609562,0.558053,0.601599,0.490035,0.595035,0.444078,0.591956,0.403143,0.649718,0.564144,0.620297,0.552512,0.61265,0.619789,0.621821,0.650208,0.684192,0.586248,0.649894,0.586358,0.63727,0.64781,0.645447,0.6681,0.715391,0.621187,0.679794,0.616234,0.665697,0.658729,0.672536,0.673288,0
0.633787,0.778533,0.593696,0.736136,0.558302,0.663029,0.567171,0.602521,0.607056,0.588502,0.600957,0.556737,0.59146,0.489034,0.584375,0.444026,0.580541,0.403723,0.640896,0.563241,0.612689,0.550625,0.603322,0.618585,0.611534,0.64666,0.675522,0.586325,0.641279,0.585386,0.628307,0.647294,0.636504,0.665832,0.706512,0.623074,0.671527,0.616038,0.657176,0.659195,0.664671,0.673821,0
0.617031,0.774122,0.578442,0.733196,0.542072,0.664089,0.550195,0.605604,0.589612,0.591671,0.582598,0.558267,0.573164,0.490105,0.566361,0.44569,0.563063,0.407525,0.622026,0.563283,0.59415,0.5495,0.585846,0.615737,0.593958,0.644181,0.656375,0.583911,0.621731,0.584728,0.610529,0.645485,0.619396,0.66458,0.686662,0.617626,0.650295,0.612098,0.636944,0.654634,0.644536,0.670641,0
0.61437,0.769868,0.575506,0.73495,0.537553,0.662032,0.546611,0.600599,0.586621,0.588362,0.579846,0.552333,0.570674,0.486244,0.564673,0.441599,0.561844,0.403063,0.619584,0.556081,0.589813,0.549714,0.581475,0.619398,0.590313,0.647192,0.65406,0.577124,0.618963,0.582616,0.606483,0.645504,0.614761,0.664573,0.684563,0.611935,0.649356,0.608873,0.634977,0.653888,0.6429,0.669146,0
0.607764,0.751578,0.564613,0.714848,0.529396,0.645674,0.539482,0.58795,0.576556,0.570071,0.566912,0.54381,0.55989,0.471838,0.556911,0.425675,0.557113,0.385037,0.605842,0.546775,0.580343,0.537818,0.574272,0.601127,0.582712,0.627417,0.638724,0.565536,0.604429,0.574544,0.595853,0.6326,0.604931,0.649499,0.666449,0.596342,0.629855,0.601634,0.62084,0.642753,0.630222,0.654703,0
0.603223,0.743591,0.561276,0.713044,0.524349,0.645715,0.534997,0.588593,0.574244,0.573968,0.562899,0.537802,0.557667,0.466762,0.554558,0.421886,0.553468,0.381207,0.602152,0.540123,0.573055,0.53424,0.568144,0.600007,0.57821,0.625926,0.634394,0.559536,0.59939,0.573491,0.590894,0.632715,0.600479,0.647943,0.662137,0.591131,0.626829,0.596876,0.617372,0.63835,0.626651,0.649894,0
0.602751,0.741763,0.561851,0.711463,0.527028,0.644516,0.538601,0.587324,0.577928,0.574948,0.561494,0.538861,0.557045,0.470256,0.555267,0.425925,0.554799,0.385803,0.600875,0.539414,0.573357,0.529866,0.569205,0.595937,0.577859,0.624716,0.633575,0.557333,0.600012,0.574701,0.591917,0.631991,0.600129,0.646904,0.660496,0.587758,0.627249,0.602156,0.618517,0.641177,0.626779,0.650897,0
0.601594,0.740437,0.561572,0.710711,0.528218,0.64573,0.540034,0.588471,0.578001,0.573886,0.563012,0.540888,0.558697,0.472086,0.556559,0.425982,0.555636,0.385424,0.602309,0.541655,0.574357,0.536323,0.57015,0.603845,0.579486,0.630776,0.634523,0.559744,0.601452,0.575717,0.592743,0.633994,0.600939,0.648944,0.661079,0.590213,0.628668,0.601331,0.618919,0.641584,0.626998,0.651843,0
0.601029,0.737985,0.560758,0.709805,0.526924,0.644185,0.539061,0.588387,0.577274,0.575084,0.563008,0.540973,0.558364,0.471659,0.556726,0.426223,0.556547,0.38619,0.602367,0.542285,0.575688,0.538238,0.571116,0.602935,0.580214,0.628959,0.634239,0.560352,0.601699,0.578866,0.592604,0.634074,0.600802,0.647608,0.660581,0.590163,0.628419,0.602722,0.61808,0.641721,0.625573,0.651598,0
0.600571,0.73741,0.560357,0.709072,0.527387,0.645737,0.538097,0.590841,0.575084,0.576771,0.564428,0.542378,0.559291,0.472235,0.557146,0.428009,0.557,0.388511,0.602926,0.543742,0.574615,0.536922,0.569369,0.600429,0.578428,0.627979,0.633976,0.562086,0.599063,0.579672,0.590231,0.634177,0.598564,0.64809,0.659155,0.591822,0.624809,0.60572,0.615636,0.643432,0.623679,0.652357,0
0.599761,0.737141,0.560063,0.709797,0.525617,0.646061,0.535553,0.592318,0.573108,0.580963,0.563545,0.543358,0.558243,0.474351,0.55548,0.432121,0.555072,0.393941,0.601194,0.544334,0.572149,0.537425,0.566617,0.599511,0.575969,0.62594,0.63156,0.562206,0.595747,0.581273,0.587359,0.635687,0.596712,0.648565,0.655762,0.591702,0.62037,0.608472,0.61153,0.646572,0.620363,0.654976,0
0.599425,0.740308,0.55948,0.712056,0.525438,0.649097,0.535471,0.594363,0.572758,0.584048,0.563543,0.547861,0.557024,0.478642,0.554585,0.435304,0.554335,0.397253,0.601267,0.548132,0.570747,0.542338,0.566256,0.602954,0.576768,0.626757,0.631395,0.566051,0.59431,0.586628,0.586579,0.639057,0.596592,0.650097,0.65496,0.595569,0.618283,0.614607,0.61096,0.651199,0.621059,0.657859,0
0.60082,0.740165,0.56024,0.711565,0.525338,0.648837,0.533875,0.595497,0.571268,0.585719,0.562731,0.547556,0.556885,0.476831,0.554834,0.434628,0.554725,0.396471,0.6005,0.548316,0.573059,0.542383,0.568039,0.602096,0.576307,0.628094,0.630729,0.566776,0.595499,0.589025,0.587445,0.640535,0.596019,0.652549,0.654732,0.596524,0.618957,0.616303,0.610605,0.652321,0.619026,0.659894,0
0.60117,0.742155,0.560469,0.714566,0.525404,0.651803,0.533769,0.597388,0.571114,0.586744,0.563301,0.548982,0.556701,0.480094,0.553971,0.437608,0.553202,0.39897,0.60048,0.54872,0.570197,0.54398,0.56608,0.605489,0.576093,0.630682,0.630492,0.566139,0.594367,0.586953,0.58714,0.640893,0.596813,0.652569,0.654487,0.59537,0.618623,0.614765,0.611156,0.652703,0.620619,0.659723,0
0.604338,0.746872,0.56366,0.720602,0.529454,0.657562,0.539047,0.602578,0.575433,0.591391,0.566513,0.557152,0.560241,0.487195,0.5582,0.443219,0.557266,0.40352,0.604368,0.556412,0.577552,0.557214,0.574815,0.614888,0.583853,0.638154,0.634716,0.573805,0.602025,0.594966,0.594832,0.645493,0.602616,0.657739,0.658543,0.601986,0.625604,0.61984,0.617399,0.656048,0.624924,0.664294,0
0.613071,0.744109,0.573112,0.71753,0.538233,0.65655,0.547195,0.603583,0.583835,0.591438,0.574183,0.553232,0.569501,0.485507,0.567872,0.441829,0.568405,0.402347,0.61179,0.552181,0.586301,0.555398,0.583971,0.611988,0.594157,0.633943,0.642396,0.569873,0.611176,0.590549,0.603986,0.639976,0.61193,0.652019,0.667451,0.5991,0.635521,0.614432,0.627183,0.650401,0.633911,0.660253,0
0.61991,0.743704,0.577459,0.718448,0.542367,0.656725,0.552009,0.603257,0.588331,0.593501,0.57711,0.555708,0.572032,0.486766,0.57095,0.442696,0.571695,0.40275,0.61419,0.553597,0.589089,0.55819,0.586585,0.614463,0.595983,0.637587,0.644632,0.570298,0.613798,0.594366,0.606501,0.643933,0.614212,0.655476,0.669737,0.598497,0.638126,0.61816,0.629712,0.654031,0.63674,0.662563,0
0.63001,0.74137,0.591355,0.714177,0.557468,0.653142,0.56815,0.60443,0.605913,0.591454,0.593136,0.553486,0.588155,0.487837,0.586903,0.444783,0.587092,0.405896,0.629842,0.551117,0.605083,0.561778,0.602802,0.616137,0.612272,0.635633,0.660001,0.567891,0.631417,0.591816,0.623142,0.640423,0.630105,0.651186,0.685087,0.596293,0.656315,0.614584,0.64469,0.649025,0.648214,0.657326,0
0.640912,0.740909,0.600418,0.713626,0.566584,0.651114,0.579184,0.602722,0.616994,0.591418,0.600635,0.552292,0.597797,0.487915,0.59817,0.445377,0.600065,0.405943,0.637731,0.551384,0.616338,0.554703,0.612381,0.612158,0.620567,0.636934,0.668177,0.569072,0.642507,0.586544,0.632785,0.636258,0.63928,0.650893,0.693798,0.598273,0.669288,0.607849,0.655388,0.643479,0.657306,0.656343,0
0.655382,0.747617,0.614857,0.716953,0.582257,0.652681,0.595902,0.606358,0.632388,0.595588,0.61648,0.557603,0.613101,0.492183,0.613253,0.449697,0.613841,0.409971,0.652928,0.55564,0.627635,0.56007,0.624548,0.616639,0.633836,0.637667,0.68312,0.573391,0.654741,0.589658,0.646692,0.640895,0.654016,0.654218,0.708606,0.602658,0.680761,0.614881,0.669013,0.652128,0.672914,0.662032,0
0.664849,0.746037,0.623539,0.714025,0.589934,0.653627,0.602814,0.606245,0.641383,0.594897,0.623949,0.559354,0.621629,0.49139,0.621679,0.449702,0.623743,0.410197,0.660403,0.560529,0.639885,0.555629,0.635756,0.611542,0.643694,0.636186,0.691365,0.578334,0.667458,0.588598,0.659,0.638085,0.665103,0.652434,0.719579,0.606075,0.695046,0.610373,0.682607,0.644872,0.68444,0.656124,0
0.665932,0.745589,0.624739,0.715085,0.591991,0.653122,0.60712,0.604605,0.646668,0.594128,0.625884,0.556993,0.623178,0.491823,0.623492,0.451435,0.626187,0.412345,0.663446,0.55775,0.641001,0.553827,0.636116,0.612959,0.643751,0.636396,0.694937,0.575135,0.668321,0.588793,0.659152,0.641132,0.665325,0.653569,0.722753,0.603001,0.695755,0.611931,0.684488,0.649461,0.68894,0.659196,0
0.668036,0.745081,0.626806,0.715661,0.594884,0.653281,0.610693,0.60406,0.650219,0.593466,0.6277,0.556719,0.625471,0.492192,0.625904,0.451602,0.628521,0.412879,0.664889,0.55743,0.642839,0.556558,0.637782,0.615295,0.645393,0.639765,0.696384,0.574985,0.671231,0.588486,0.660647,0.640316,0.666156,0.654023,0.724392,0.603258,0.699872,0.608734,0.68511,0.646813,0.687004,0.65968,0
0.683926,0.749795,0.642864,0.716669,0.610574,0.655724,0.624843,0.608935,0.664406,0.597602,0.643859,0.571029,0.640189,0.496212,0.640375,0.452202,0.642583,0.412312,0.679338,0.57563,0.660783,0.556152,0.656107,0.610546,0.663731,0.638816,0.710378,0.592974,0.689617,0.587046,0.678944,0.637319,0.684078,0.657446,0.739796,0.618914,0.719872,0.606671,0.702925,0.641581,0.701626,0.659474,0
0.684158,0.746369,0.642184,0.716412,0.610437,0.652166,0.62701,0.603209,0.668349,0.593316,0.642569,0.563543,0.640109,0.49382,0.639936,0.451153,0.642228,0.412518,0.678485,0.568239,0.659449,0.553819,0.653464,0.610512,0.659437,0.638445,0.709601,0.586338,0.688533,0.585029,0.677431,0.636721,0.681458,0.654146,0.738215,0.613735,0.715857,0.607351,0.701463,0.644338,0.703165,0.659685,0
0.693054,0.74873,0.652811,0.718458,0.621995,0.653192,0.640097,0.60141,0.682399,0.59485,0.654471,0.564885,0.651953,0.495293,0.652717,0.452448,0.655259,0.413329,0.690534,0.570451,0.673307,0.55171,0.667921,0.610783,0.674969,0.638671,0.721873,0.589239,0.703461,0.583485,0.690762,0.637003,0.6949,0.658539,0.750998,0.617942,0.736562,0.601681,0.716839,0.63731,0.713214,0.657827,0
0.70492,0.748418,0.664952,0.71832,0.635934,0.657043,0.654009,0.608831,0.692414,0.596757,0.665669,0.564976,0.663575,0.492204,0.663976,0.448444,0.66618,0.408811,0.701473,0.572615,0.688554,0.557624,0.683242,0.611602,0.688289,0.637602,0.732725,0.591322,0.718951,0.586034,0.706795,0.636263,0.708344,0.654895,0.762266,0.618392,0.750056,0.603531,0.732256,0.639149,0.727701,0.657634,0
0.70894,0.749706,0.669175,0.718031,0.642276,0.656145,0.660905,0.607646,0.699977,0.594795,0.671161,0.570652,0.668232,0.493504,0.66965,0.44915,0.67345,0.409663,0.705568,0.579464,0.697429,0.558007,0.691177,0.610617,0.693914,0.638008,0.736426,0.597064,0.726633,0.58525,0.714428,0.63533,0.714219,0.656704,0.765918,0.622328,0.754457,0.604235,0.737411,0.640052,0.732052,0.659835,0
0.713959,0.748709,0.672397,0.71923,0.643938,0.656002,0.664822,0.607923,0.703895,0.595194,0.672519,0.565587,0.670368,0.491777,0.671557,0.448258,0.675401,0.409031,0.707831,0.572679,0.699015,0.554598,0.692401,0.607254,0.695884,0.63252,0.738726,0.590344,0.727379,0.581658,0.714499,0.631405,0.715502,0.649897,0.767102,0.616722,0.752998,0.602584,0.736923,0.638615,0.734666,0.656397,0
0.720807,0.744693,0.679348,0.716172,0.649374,0.6537,0.671627,0.607009,0.710819,0.592432,0.680049,0.559033,0.676309,0.488993,0.676972,0.446103,0.679488,0.408959,0.716455,0.566385,0.709647,0.543407,0.706231,0.588587,0.710329,0.611909,0.747823,0.584931,0.735215,0.580789,0.723558,0.630947,0.724348,0.650121,0.776178,0.611754,0.761606,0.600287,0.745626,0.637532,0.742255,0.655343,0
0.729933,0.735087,0.688851,0.710734,0.65678,0.648505,0.680051,0.597272,0.723399,0.583914,0.687726,0.553696,0.686286,0.482261,0.687365,0.438081,0.689523,0.399092,0.725594,0.56069,0.712005,0.545459,0.708724,0.602621,0.714719,0.631525,0.757721,0.578658,0.743744,0.571494,0.732254,0.625996,0.733726,0.647602,0.787503,0.604928,0.775385,0.58435,0.758175,0.622081,0.753718,0.642488,0
0.733207,0.734814,0.69209,0.709033,0.661623,0.647775,0.683639,0.596716,0.725983,0.583069,0.689127,0.553416,0.689454,0.480409,0.691559,0.435761,0.693823,0.395439,0.726022,0.561218,0.716026,0.538498,0.710756,0.593351,0.714002,0.622599,0.758031,0.57981,0.749181,0.561837,0.735786,0.614703,0.734607,0.638376,0.787579,0.607798,0.779431,0.581919,0.761082,0.619889,0.754568,0.643569,0
0.747131,0.726547,0.706395,0.702941,0.674584,0.642318,0.697266,0.590428,0.740276,0.577793,0.700971,0.548971,0.701326,0.475025,0.703392,0.431076,0.705528,0.390793,0.738701,0.554416,0.728588,0.538101,0.724504,0.594119,0.728197,0.621511,0.771915,0.572126,0.763956,0.560093,0.751576,0.612526,0.750542,0.633311,0.802943,0.599163,0.792018,0.583614,0.775418,0.620526,0.771209,0.638398,0
0.750217,0.72519,0.708493,0.703099,0.677952,0.64081,0.699982,0.586737,0.7439,0.572267,0.703957,0.542675,0.704738,0.475031,0.706537,0.43102,0.70846,0.3901,0.743831,0.546336,0.730008,0.530455,0.724883,0.592837,0.729941,0.622307,0.777288,0.564244,0.764472,0.556672,0.751024,0.61467,0.752895,0.636844,0.807963,0.593053,0.797135,0.574801,0.777753,0.616863,0.773565,0.638414,0
0.762316,0.720598,0.722018,0.697944,0.690014,0.634839,0.716392,0.585486,0.759599,0.571148,0.71695,0.532649,0.716966,0.470191,0.7182,0.425597,0.718209,0.384493,0.758615,0.53032,0.739879,0.53283,0.73642,0.59573,0.74398,0.620383,0.79188,0.547709,0.776242,0.558197,0.762071,0.613216,0.765445,0.629099,0.821711,0.577778,0.808511,0.579144,0.789349,0.618291,0.787682,0.631381,0
0.774697,0.72094,0.732537,0.699498,0.700718,0.638662,0.729847,0.590715,0.772476,0.572162,0.72447,0.532794,0.724242,0.464969,0.724862,0.419409,0.727406,0.376171,0.765301,0.535086,0.762463,0.51214,0.754549,0.576493,0.756511,0.609279,0.799953,0.55394,0.797754,0.538172,0.77961,0.599106,0.777368,0.62176,0.831397,0.584008,0.823337,0.571304,0.804079,0.615265,0.800631,0.632452,0
0.776615,0.723188,0.735075,0.702507,0.702033,0.641082,0.729028,0.593119,0.770598,0.57451,0.724251,0.539191,0.723096,0.46262,0.725862,0.415658,0.729685,0.37178,0.765645,0.542353,0.759403,0.528666,0.751682,0.592078,0.754486,0.615313,0.800989,0.560704,0.795185,0.549096,0.778668,0.607459,0.777641,0.62223,0.832823,0.589071,0.823159,0.580065,0.803777,0.622778,0.799855,0.634367,0
0.778547,0.725758,0.735706,0.704188,0.70098,0.642786,0.728079,0.595299,0.771961,0.57775,0.725403,0.539941,0.723717,0.463106,0.726213,0.416043,0.729626,0.37167,0.767019,0.542395,0.759566,0.532158,0.752542,0.595917,0.755603,0.619594,0.803041,0.560967,0.795941,0.552971,0.780488,0.610706,0.780116,0.625954,0.836165,0.589503,0.826997,0.578481,0.806624,0.621861,0.801327,0.636662,0
0.77342,0.735347,0.729767,0.710359,0.695309,0.647441,0.722418,0.599972,0.764728,0.582809,0.719723,0.547169,0.718018,0.469929,0.719044,0.421078,0.720069,0.375117,0.761915,0.548701,0.749752,0.530221,0.742192,0.59755,0.745323,0.62754,0.798098,0.567205,0.79053,0.550394,0.773886,0.610836,0.771418,0.633296,0.830513,0.597732,0.820221,0.583974,0.800577,0.627798,0.795185,0.645423,0
0.769718,0.738025,0.723782,0.714147,0.689549,0.653094,0.714593,0.603389,0.759006,0.581442,0.713697,0.544634,0.712815,0.468001,0.714229,0.419255,0.716467,0.373937,0.756146,0.545452,0.745266,0.533562,0.738851,0.601226,0.743294,0.633191,0.79304,0.56358,0.783442,0.557503,0.769166,0.619694,0.769885,0.640534,0.826756,0.59367,0.815798,0.584411,0.796933,0.62948,0.793058,0.646638,0
0.751364,0.748049,0.705634,0.720266,0.672093,0.655674,0.697764,0.608046,0.741442,0.593494,0.699683,0.554661,0.698185,0.473656,0.698952,0.425041,0.699602,0.379264,0.741742,0.557641,0.725137,0.544991,0.720239,0.609325,0.725372,0.638484,0.778353,0.575976,0.764681,0.567798,0.752442,0.626569,0.752305,0.649338,0.81273,0.60492,0.800011,0.589936,0.781669,0.633473,0.77586,0.654923,0
0.749121,0.75241,0.700897,0.72632,0.664837,0.661694,0.688097,0.611748,0.730975,0.594063,0.692833,0.558534,0.689687,0.474777,0.690788,0.424334,0.693694,0.378379,0.735747,0.559797,0.720777,0.549982,0.715678,0.611763,0.722116,0.639646,0.772776,0.577539,0.758413,0.572633,0.746444,0.630848,0.748331,0.651952,0.807348,0.605863,0.79205,0.595837,0.775422,0.63961,0.772769,0.658985,0
0.742178,0.75692,0.693934,0.728566,0.657475,0.661693,0.682129,0.614833,0.724619,0.602141,0.686548,0.560506,0.682114,0.476783,0.684208,0.426869,0.688199,0.380956,0.729511,0.561074,0.714875,0.554627,0.709426,0.61629,0.71513,0.641355,0.766665,0.579532,0.750995,0.578392,0.739263,0.635277,0.741716,0.652654,0.800581,0.608891,0.783482,0.602601,0.76769,0.645773,0.766276,0.662536,0
0.707077,0.764478,0.658078,0.734264,0.62472,0.670113,0.646944,0.622994,0.686198,0.610911,0.654787,0.564935,0.648845,0.4857,0.648891,0.436665,0.650567,0.393309,0.694976,0.567514,0.679099,0.562937,0.67481,0.623464,0.679629,0.654566,0.730408,0.586363,0.714661,0.584631,0.7054,0.64015,0.708274,0.662307,0.764404,0.6159,0.747001,0.607027,0.731756,0.648174,0.730646,0.666973,0
0.673311,0.764458,0.626788,0.734681,0.589654,0.674161,0.605921,0.628585,0.644151,0.616622,0.61937,0.563587,0.613541,0.488339,0.612132,0.439897,0.612128,0.397365,0.658949,0.564433,0.63848,0.559889,0.634765,0.61892,0.640024,0.650903,0.693738,0.582499,0.673416,0.592916,0.667416,0.645026,0.672246,0.663936,0.726699,0.611554,0.706363,0.613074,0.693836,0.650926,0.693993,0.665609,0
0.666814,0.758958,0.619936,0.732158,0.579039,0.669395,0.592916,0.621469,0.633374,0.610557,0.609583,0.558516,0.602143,0.485464,0.600038,0.439092,0.599034,0.396577,0.65061,0.553598,0.627201,0.563939,0.62646,0.623757,0.634295,0.648953,0.686467,0.569941,0.660559,0.595283,0.656372,0.647518,0.662612,0.661275,0.718793,0.598621,0.693769,0.614628,0.684189,0.65341,0.687417,0.66414,0
0.639648,0.756037,0.590699,0.732601,0.54826,0.673856,0.558188,0.620875,0.597049,0.606298,0.576813,0.558095,0.567556,0.485776,0.563409,0.43904,0.562006,0.396563,0.61707,0.549736,0.593182,0.563086,0.593208,0.619986,0.602599,0.64217,0.651286,0.563162,0.62594,0.597051,0.62105,0.646623,0.62782,0.655841,0.682038,0.589974,0.656311,0.618485,0.647924,0.655425,0.651619,0.661799,0
0.63235,0.749792,0.585098,0.727968,0.540857,0.669518,0.548707,0.616798,0.588446,0.606989,0.569493,0.554483,0.558375,0.483281,0.55258,0.439446,0.54955,0.399315,0.608945,0.548402,0.583751,0.559263,0.586593,0.617655,0.5986,0.641644,0.643517,0.56395,0.615446,0.591476,0.613284,0.643128,0.622143,0.655542,0.674368,0.59217,0.645625,0.610576,0.638645,0.650059,0.644958,0.661191,0
0.607555,0.746227,0.559595,0.725207,0.513792,0.671553,0.515703,0.614694,0.553536,0.601999,0.538862,0.55838,0.528372,0.486227,0.522541,0.441825,0.520033,0.400394,0.577095,0.54829,0.54886,0.555814,0.553888,0.616387,0.568249,0.639071,0.610873,0.558493,0.581299,0.587661,0.582949,0.639841,0.594428,0.650697,0.641952,0.58194,0.611462,0.607937,0.60943,0.645701,0.618363,0.652647,0
0.597485,0.740815,0.551206,0.718047,0.507169,0.664167,0.508829,0.610928,0.546088,0.598372,0.533882,0.551414,0.520377,0.482783,0.513436,0.438181,0.509329,0.395991,0.572792,0.544238,0.538139,0.55393,0.542966,0.614797,0.558615,0.635614,0.606309,0.558822,0.569841,0.583055,0.571328,0.635705,0.584204,0.647566,0.635963,0.586939,0.600981,0.604267,0.598261,0.64144,0.608767,0.650265,0
0.571615,0.727903,0.526009,0.707347,0.480244,0.657873,0.47826,0.603403,0.515071,0.58915,0.507495,0.544205,0.492968,0.47598,0.484173,0.432382,0.480314,0.392034,0.545042,0.534164,0.511625,0.540105,0.516188,0.599675,0.532099,0.619364,0.577258,0.544313,0.541647,0.573151,0.543588,0.6238,0.556256,0.63436,0.605172,0.568631,0.569741,0.59678,0.569571,0.633034,0.580982,0.639042,0
0.545888,0.712229,0.500944,0.691811,0.457055,0.645744,0.451933,0.593323,0.486994,0.576152,0.485667,0.533463,0.47123,0.462535,0.460735,0.419671,0.45419,0.380854,0.521239,0.52406,0.485098,0.529073,0.490727,0.589668,0.50631,0.609737,0.552115,0.532597,0.514644,0.561428,0.51919,0.61276,0.532255,0.623425,0.579154,0.554286,0.543033,0.581309,0.543663,0.618541,0.554731,0.624864,0
0.54061,0.709728,0.496963,0.691363,0.454439,0.646138,0.447325,0.593664,0.478369,0.570604,0.477737,0.534585,0.461009,0.461427,0.451668,0.418026,0.444165,0.378386,0.511667,0.524746,0.476898,0.530654,0.484908,0.590635,0.499752,0.611666,0.541118,0.532169,0.504693,0.557114,0.51166,0.609948,0.524743,0.622686,0.567904,0.551977,0.533236,0.573067,0.535308,0.61084,0.546193,0.619548,0
0.534953,0.706136,0.489984,0.688596,0.447319,0.644397,0.438366,0.5916,0.468883,0.568626,0.470916,0.533217,0.452704,0.460779,0.44367,0.41711,0.437073,0.377438,0.504654,0.523023,0.468903,0.529225,0.476452,0.586957,0.491056,0.608248,0.533568,0.530446,0.495942,0.556972,0.503453,0.607309,0.516863,0.620153,0.559399,0.549967,0.524408,0.573059,0.526946,0.609891,0.537738,0.619432,0
0.500012,0.703277,0.452913,0.679037,0.414801,0.636518,0.404974,0.587084,0.433401,0.564918,0.443652,0.525291,0.425351,0.456393,0.413042,0.414487,0.405028,0.376716,0.476417,0.517391,0.436063,0.524364,0.441655,0.585751,0.457715,0.604485,0.504079,0.526564,0.461382,0.551512,0.467319,0.605902,0.481509,0.617729,0.527768,0.548986,0.487204,0.571766,0.489963,0.610843,0.502388,0.618431,0
0.476178,0.701393,0.424982,0.679893,0.385077,0.635657,0.375799,0.582966,0.400909,0.560463,0.421668,0.519332,0.401269,0.45364,0.388238,0.412353,0.380402,0.373172,0.453919,0.509834,0.405266,0.520367,0.410681,0.584128,0.428278,0.600831,0.479531,0.518169,0.429266,0.547026,0.434986,0.603842,0.450805,0.61507,0.499712,0.540203,0.454778,0.568916,0.457672,0.609254,0.470951,0.617188,0
0.47221,0.699073,0.420845,0.679568,0.381052,0.632774,0.37095,0.582181,0.393933,0.559701,0.420341,0.516904,0.397185,0.451059,0.382324,0.412343,0.371798,0.376123,0.44959,0.510421,0.398333,0.513273,0.401874,0.576031,0.419101,0.597337,0.472649,0.519164,0.420263,0.542811,0.426215,0.599003,0.442987,0.612111,0.490538,0.540449,0.445228,0.564219,0.448468,0.604888,0.463179,0.614061,0
0.455253,0.697625,0.403825,0.679317,0.360305,0.630003,0.348873,0.575589,0.374921,0.555586,0.391997,0.516971,0.369306,0.453655,0.355301,0.415227,0.346339,0.378403,0.423643,0.506306,0.374158,0.512666,0.384492,0.574581,0.40524,0.589046,0.449365,0.512114,0.397911,0.542923,0.40668,0.599222,0.423874,0.605397,0.468924,0.531014,0.423356,0.56588,0.430505,0.605752,0.446242,0.606035,0
0.449947,0.696619,0.397196,0.674615,0.355302,0.624555,0.34539,0.573974,0.370908,0.554223,0.388702,0.510625,0.362431,0.450728,0.347948,0.414779,0.338278,0.378944,0.420444,0.501492,0.368321,0.507705,0.375607,0.569525,0.39505,0.587854,0.444929,0.509089,0.390246,0.53642,0.397692,0.592737,0.415159,0.603563,0.462788,0.530442,0.41521,0.560615,0.420547,0.600845,0.435696,0.606467,0
0.437244,0.693599,0.382461,0.668665,0.340345,0.624183,0.327446,0.575351,0.352057,0.553834,0.376321,0.512669,0.351979,0.45205,0.336991,0.413928,0.327405,0.377652,0.407948,0.503531,0.354506,0.504902,0.361669,0.568192,0.381501,0.581721,0.432464,0.509985,0.37572,0.53492,0.382981,0.591119,0.400436,0.597324,0.448976,0.530174,0.397755,0.558861,0.404636,0.597726,0.421493,0.599068,0
0.432803,0.691679,0.37847,0.666193,0.337607,0.621228,0.32385,0.574847,0.348245,0.553243,0.371375,0.510791,0.34646,0.451031,0.331672,0.415411,0.320767,0.378611,0.402082,0.501799,0.350841,0.506492,0.357234,0.568272,0.375131,0.585077,0.425995,0.508634,0.372406,0.534898,0.379647,0.590733,0.396606,0.601315,0.443163,0.528964,0.396146,0.557568,0.401167,0.596246,0.416143,0.602452,0
0.418952,0.691255,0.367341,0.668427,0.325454,0.629128,0.310709,0.582427,0.334236,0.560037,0.355217,0.512648,0.335981,0.454703,0.320095,0.418134,0.308547,0.385339,0.387916,0.502457,0.335042,0.507375,0.341705,0.568393,0.360914,0.581824,0.413527,0.509414,0.357539,0.536783,0.365363,0.590234,0.382941,0.596527,0.431556,0.530851,0.38008,0.560402,0.387485,0.59768,0.404608,0.600917,0
0.418769,0.692053,0.363733,0.665249,0.324339,0.626594,0.308336,0.583249,0.332002,0.559818,0.360761,0.513541,0.335034,0.458867,0.31812,0.424269,0.305823,0.389684,0.392449,0.504854,0.334959,0.510757,0.339185,0.574064,0.358278,0.589505,0.41553,0.513197,0.355547,0.536265,0.360968,0.592917,0.379536,0.604907,0.430572,0.535424,0.378059,0.55883,0.382185,0.597434,0.398551,0.606863,0
0.412842,0.688037,0.360219,0.662553,0.321758,0.626603,0.305668,0.584583,0.327388,0.560481,0.353615,0.513619,0.329984,0.458629,0.313412,0.424123,0.301069,0.39063,0.3857,0.505197,0.330143,0.511568,0.335805,0.571291,0.353923,0.585161,0.409698,0.51333,0.350702,0.539313,0.358322,0.591665,0.375738,0.600292,0.425587,0.535236,0.373443,0.559037,0.379294,0.594834,0.394643,0.601302,0
0.411465,0.679217,0.359405,0.654239,0.320507,0.617295,0.307028,0.573353,0.32939,0.549538,0.351644,0.509889,0.328435,0.45445,0.31286,0.418374,0.300336,0.383673,0.383646,0.499711,0.328587,0.50386,0.336628,0.56453,0.35625,0.576217,0.407255,0.505718,0.348037,0.526735,0.356846,0.580687,0.375914,0.589369,0.422204,0.525765,0.36958,0.548631,0.377306,0.584456,0.3954,0.589846,0
0.410655,0.6752,0.359501,0.651138,0.322387,0.615765,0.307789,0.575038,0.329058,0.551152,0.352183,0.508145,0.330909,0.454657,0.315046,0.420276,0.302356,0.3869,0.383962,0.498084,0.330556,0.503923,0.33727,0.563867,0.355778,0.576741,0.407724,0.504633,0.350296,0.528419,0.359012,0.581075,0.377266,0.58988,0.423905,0.524983,0.37256,0.547308,0.379658,0.582938,0.396258,0.589313,0
0.411571,0.675457,0.362636,0.652736,0.324509,0.617047,0.310363,0.573766,0.332337,0.548925,0.353603,0.508896,0.332223,0.456119,0.316187,0.420065,0.304104,0.38611,0.385123,0.49863,0.331439,0.502563,0.338475,0.56485,0.357668,0.576471,0.408766,0.50449,0.35129,0.525307,0.359195,0.580216,0.377563,0.589176,0.42441,0.524318,0.372285,0.544225,0.378589,0.58189,0.395492,0.589344,0
0.421242,0.676023,0.375331,0.654387,0.337527,0.616577,0.323097,0.574087,0.3434,0.549948,0.365801,0.510791,0.343387,0.461227,0.328354,0.42827,0.317302,0.396469,0.395198,0.501921,0.34427,0.508938,0.352012,0.56524,0.370876,0.574512,0.418226,0.507243,0.364062,0.531367,0.37253,0.581773,0.390012,0.587324,0.434493,0.524902,0.385305,0.547234,0.392819,0.583016,0.409678,0.587208,0
0.423923,0.675999,0.37703,0.654852,0.340585,0.616512,0.325707,0.572974,0.34642,0.548298,0.370407,0.512389,0.346748,0.461543,0.330488,0.428219,0.319225,0.396643,0.398935,0.503193,0.348643,0.504102,0.357412,0.564388,0.3767,0.574825,0.42119,0.506645,0.365597,0.524156,0.374821,0.579772,0.393296,0.588055,0.436257,0.522872,0.385718,0.542567,0.392801,0.58017,0.409982,0.585981,0
0.437002,0.672249,0.389184,0.645208,0.353595,0.60886,0.339142,0.569305,0.358659,0.544257,0.394797,0.50554,0.364177,0.458992,0.347804,0.428305,0.336969,0.394867,0.418839,0.500158,0.362714,0.50258,0.370924,0.558933,0.39105,0.566034,0.436542,0.50557,0.377452,0.523299,0.38631,0.574823,0.405039,0.579011,0.44728,0.522954,0.396785,0.543866,0.405662,0.578714,0.424308,0.57974,0
0.436107,0.669205,0.390313,0.644835,0.355421,0.60782,0.341064,0.568309,0.360519,0.542636,0.390076,0.509836,0.363873,0.460072,0.348618,0.428284,0.337307,0.396152,0.414792,0.501645,0.364174,0.504643,0.374732,0.559613,0.394377,0.567731,0.434124,0.504468,0.379156,0.522002,0.389734,0.572577,0.407723,0.577986,0.447538,0.518789,0.400086,0.539373,0.407343,0.573939,0.423246,0.577499,0
0.440724,0.667075,0.395254,0.644826,0.360229,0.609299,0.345075,0.569569,0.362914,0.543474,0.394732,0.508728,0.36657,0.463299,0.350638,0.433201,0.339771,0.402583,0.418472,0.501345,0.367733,0.505592,0.378501,0.560846,0.398213,0.567983,0.437051,0.504396,0.382644,0.525326,0.393563,0.575252,0.411606,0.578653,0.44954,0.51895,0.402408,0.541536,0.410654,0.575578,0.427169,0.577159,0
0.440025,0.665599,0.394956,0.641739,0.361303,0.607242,0.347634,0.568452,0.365645,0.543389,0.392897,0.512057,0.366954,0.464084,0.352088,0.43314,0.341262,0.401132,0.416877,0.503645,0.367734,0.506096,0.378937,0.561508,0.397823,0.568232,0.436382,0.505647,0.383845,0.524493,0.395675,0.574196,0.413656,0.578152,0.450838,0.519048,0.405245,0.540169,0.413781,0.573634,0.430312,0.575783,0
0.440428,0.66245,0.397473,0.642418,0.362588,0.606977,0.349838,0.566301,0.368377,0.541027,0.391386,0.51085,0.368114,0.462286,0.354155,0.431311,0.34364,0.400597,0.415602,0.502171,0.369658,0.505436,0.381086,0.560146,0.399403,0.567089,0.435891,0.504103,0.387271,0.526981,0.399193,0.575611,0.416015,0.578122,0.451667,0.516956,0.40868,0.540456,0.416846,0.574477,0.432089,0.576,0
0.455559,0.659515,0.412827,0.642885,0.377936,0.607647,0.362843,0.566328,0.379489,0.541701,0.40767,0.513416,0.384709,0.461359,0.36838,0.430564,0.35622,0.400939,0.430831,0.505882,0.385412,0.502078,0.395112,0.553088,0.413271,0.564177,0.449793,0.506423,0.400641,0.522159,0.41207,0.569492,0.429335,0.575847,0.464704,0.516645,0.420001,0.534765,0.429128,0.568927,0.445551,0.572864,0
0.461924,0.655911,0.419864,0.640856,0.382089,0.606775,0.36659,0.565147,0.385948,0.539423,0.415262,0.510898,0.389337,0.457904,0.37377,0.427023,0.362196,0.397406,0.439402,0.503341,0.392065,0.502934,0.402311,0.555409,0.420467,0.564428,0.458446,0.505211,0.408245,0.525327,0.418817,0.572669,0.43554,0.576119,0.472887,0.517528,0.427875,0.537707,0.436351,0.571051,0.452677,0.572888,0
0.488469,0.649986,0.449453,0.636705,0.411557,0.604003,0.39746,0.56411,0.416147,0.539869,0.430289,0.511296,0.410188,0.455521,0.399118,0.421355,0.391752,0.389376,0.456011,0.503508,0.422438,0.509656,0.432892,0.561697,0.448319,0.57023,0.478706,0.506995,0.442865,0.520613,0.452128,0.566836,0.465942,0.572491,0.498975,0.519929,0.464201,0.530317,0.46847,0.565055,0.480094,0.571194,0
0.514702,0.648973,0.475817,0.637525,0.437029,0.601325,0.426553,0.558923,0.449212,0.536026,0.454872,0.51674,0.436248,0.458579,0.425508,0.423656,0.41746,0.390686,0.482105,0.509269,0.449801,0.500836,0.459993,0.552077,0.47649,0.566678,0.506361,0.511691,0.472856,0.516508,0.481233,0.56285,0.495768,0.570892,0.529848,0.522109,0.49669,0.526691,0.500153,0.561348,0.511918,0.568365,0
0.52131,0.646973,0.484071,0.63935,0.443173,0.601558,0.433321,0.556323,0.457601,0.533413,0.460201,0.513467,0.44199,0.454705,0.431905,0.419209,0.424141,0.386561,0.488454,0.50523,0.456796,0.501415,0.466914,0.552221,0.4825,0.566246,0.513393,0.507056,0.479816,0.517973,0.488948,0.564568,0.502802,0.571591,0.538002,0.516892,0.504516,0.529105,0.509372,0.563668,0.521392,0.56812,0
0.54303,0.639724,0.510595,0.634739,0.468079,0.593704,0.465178,0.54096,0.493941,0.526238,0.486653,0.500629,0.473257,0.449445,0.463088,0.410441,0.456307,0.379562,0.518937,0.490959,0.488525,0.490378,0.497153,0.549717,0.51172,0.564295,0.545774,0.496558,0.515437,0.505986,0.519181,0.556039,0.532564,0.567461,0.571683,0.51149,0.53951,0.516959,0.538373,0.554824,0.549074,0.562925,0
0.544485,0.637186,0.514914,0.630864,0.473135,0.586852,0.472677,0.533922,0.503012,0.516812,0.488529,0.496335,0.477349,0.446809,0.470004,0.406594,0.462559,0.374694,0.520125,0.48523,0.489445,0.486297,0.499035,0.548181,0.512539,0.565623,0.54591,0.490374,0.518139,0.503286,0.521893,0.554965,0.534932,0.567335,0.572631,0.50713,0.545402,0.513104,0.543218,0.552279,0.55303,0.561377,0
0.551084,0.636519,0.519701,0.630127,0.47891,0.58527,0.477521,0.532552,0.508627,0.517923,0.494745,0.494434,0.482656,0.443539,0.474971,0.404301,0.467559,0.371518,0.526248,0.483562,0.496425,0.485521,0.505079,0.543803,0.518732,0.561873,0.552501,0.489178,0.525514,0.502786,0.528065,0.552512,0.540383,0.565893,0.578722,0.506541,0.553529,0.511902,0.549987,0.549663,0.558905,0.560466,0
0.579495,0.636488,0.542098,0.630158,0.499785,0.583671,0.502411,0.533986,0.534624,0.520849,0.516985,0.497589,0.504774,0.441501,0.499131,0.40254,0.493343,0.367846,0.550451,0.489853,0.527144,0.488256,0.536953,0.543792,0.550596,0.562255,0.578822,0.497079,0.556699,0.502707,0.559285,0.549635,0.570934,0.563523,0.606563,0.514241,0.584902,0.511293,0.580321,0.547631,0.587803,0.558842,0
0.598748,0.640673,0.560575,0.631073,0.521961,0.587288,0.525073,0.538153,0.555696,0.518337,0.53875,0.499699,0.528346,0.441019,0.522128,0.401557,0.517975,0.367803,0.570592,0.494743,0.549632,0.485065,0.55515,0.538092,0.568038,0.554476,0.599,0.501081,0.576423,0.498301,0.577435,0.5484,0.588338,0.559649,0.627719,0.515728,0.602591,0.512343,0.598852,0.550088,0.607009,0.558029,0
0.600832,0.644413,0.566388,0.634835,0.528303,0.587869,0.534664,0.535146,0.568669,0.51639,0.547816,0.49333,0.536964,0.441052,0.53164,0.401148,0.527271,0.368025,0.582199,0.484013,0.561205,0.486205,0.566971,0.542587,0.578356,0.561229,0.610762,0.490323,0.5901,0.500762,0.587403,0.550701,0.596731,0.566069,0.638352,0.508013,0.619494,0.509557,0.609003,0.547733,0.612691,0.562783,0
0.620494,0.652746,0.582754,0.642094,0.548284,0.59551,0.555716,0.544806,0.58787,0.524576,0.562491,0.502333,0.550546,0.448806,0.544996,0.409784,0.540971,0.374687,0.59561,0.494723,0.577572,0.491551,0.583954,0.548414,0.595542,0.568613,0.624301,0.501863,0.606867,0.507542,0.604928,0.558913,0.614192,0.573092,0.652342,0.520261,0.635235,0.519503,0.626665,0.558708,0.63127,0.571418,0
0.633495,0.653942,0.596834,0.641777,0.560951,0.593889,0.568494,0.544318,0.602643,0.525986,0.575725,0.503027,0.562282,0.444845,0.557596,0.404007,0.554829,0.367749,0.610386,0.496452,0.591095,0.494667,0.596383,0.54939,0.607885,0.5706,0.641085,0.505099,0.621917,0.510024,0.619149,0.560337,0.628116,0.575627,0.67117,0.524678,0.652977,0.523378,0.642195,0.561456,0.645446,0.574522,0
0.639283,0.655059,0.60229,0.642375,0.565998,0.593787,0.573933,0.543464,0.609502,0.524786,0.58057,0.50148,0.567174,0.441684,0.56163,0.401531,0.558354,0.366115,0.615325,0.494793,0.598108,0.491565,0.602078,0.546299,0.611199,0.572441,0.64647,0.502968,0.628236,0.507557,0.625198,0.559869,0.631806,0.579515,0.676629,0.522117,0.659773,0.519274,0.648592,0.558349,0.649553,0.574415,0
0.653628,0.655599,0.615217,0.641197,0.58154,0.591174,0.595315,0.542507,0.631116,0.525722,0.596331,0.500407,0.585021,0.438593,0.581981,0.395728,0.581294,0.35794,0.630159,0.496804,0.617746,0.485582,0.618929,0.541813,0.625932,0.565597,0.660267,0.507339,0.646358,0.502432,0.641268,0.554652,0.647016,0.571433,0.689453,0.528394,0.674851,0.51952,0.663832,0.55801,0.66607,0.572374,0
0.657255,0.655819,0.618872,0.641426,0.583827,0.588958,0.597538,0.537285,0.636848,0.523821,0.601464,0.498136,0.588517,0.437069,0.584548,0.393871,0.583382,0.356685,0.63727,0.492705,0.621673,0.483647,0.623537,0.543471,0.631928,0.570426,0.667193,0.502988,0.651436,0.500102,0.645276,0.554248,0.652774,0.576592,0.696844,0.524699,0.682518,0.513617,0.669859,0.552356,0.672006,0.57041,0
0.673694,0.666691,0.632521,0.649199,0.597367,0.593087,0.611913,0.54442,0.649654,0.535143,0.615444,0.510064,0.603099,0.440668,0.596954,0.396386,0.594616,0.35629,0.64985,0.508218,0.634631,0.48665,0.634884,0.540976,0.64561,0.568235,0.680919,0.518715,0.666086,0.507322,0.65981,0.559118,0.667221,0.579229,0.71222,0.537618,0.695392,0.52343,0.682771,0.562432,0.685311,0.580875,0
0.682883,0.670502,0.642096,0.651322,0.608924,0.597705,0.628293,0.55372,0.664608,0.540008,0.625302,0.50463,0.614192,0.438326,0.609387,0.394117,0.607462,0.354684,0.660162,0.50352,0.654027,0.479989,0.650321,0.535449,0.652643,0.570339,0.692527,0.515818,0.686684,0.504161,0.676798,0.556421,0.676195,0.581085,0.723878,0.537804,0.712741,0.529173,0.698513,0.566387,0.695936,0.582858,0
0.68991,0.67472,0.645996,0.655255,0.612908,0.602218,0.633018,0.556686,0.670973,0.540298,0.628843,0.507922,0.619963,0.439802,0.615831,0.395387,0.614606,0.355663,0.663745,0.506911,0.666214,0.473705,0.660084,0.531396,0.65754,0.568687,0.696851,0.51835,0.700322,0.492815,0.687281,0.549847,0.681482,0.580756,0.7292,0.540127,0.722478,0.523099,0.706676,0.563722,0.700323,0.585816,0
0.699235,0.675724,0.655768,0.661418,0.620638,0.608643,0.642029,0.559897,0.682364,0.543828,0.635784,0.517463,0.628123,0.445372,0.625668,0.400431,0.624647,0.358732,0.67214,0.516167,0.664623,0.488998,0.662871,0.551374,0.667292,0.58468,0.705608,0.527674,0.702642,0.498341,0.691657,0.557823,0.690516,0.586318,0.738404,0.549424,0.729339,0.528133,0.714405,0.567574,0.711795,0.587717,0
0.713237,0.686505,0.669827,0.668173,0.635097,0.614682,0.656676,0.567989,0.698091,0.551854,0.654079,0.528803,0.644746,0.452441,0.640998,0.407259,0.638155,0.363612,0.690761,0.526528,0.681418,0.501357,0.679966,0.558926,0.68444,0.585112,0.724275,0.538291,0.715852,0.517676,0.706079,0.570765,0.705579,0.590683,0.757275,0.558167,0.743879,0.544961,0.729732,0.582007,0.726516,0.596927,0
0.720274,0.702465,0.677848,0.686367,0.640783,0.632549,0.65986,0.582885,0.702801,0.567606,0.656984,0.537524,0.651262,0.462561,0.649906,0.417598,0.649011,0.37406,0.694926,0.534544,0.680685,0.516312,0.68124,0.577721,0.68941,0.60167,0.729601,0.545467,0.718938,0.533698,0.711589,0.589064,0.714683,0.605953,0.76358,0.564675,0.752062,0.548523,0.737816,0.590687,0.735544,0.608396,0
0.72269,0.707399,0.680381,0.691333,0.643634,0.637191,0.664246,0.588151,0.705866,0.569097,0.65813,0.537506,0.651876,0.464944,0.650344,0.418837,0.650049,0.375293,0.697573,0.533778,0.686388,0.514185,0.685017,0.577666,0.691479,0.605233,0.732849,0.544965,0.723348,0.532737,0.714483,0.590691,0.716422,0.609116,0.766695,0.566288,0.756729,0.548283,0.74227,0.59231,0.739767,0.611403,0
0.72939,0.709866,0.685043,0.695103,0.647456,0.641332,0.669098,0.593294,0.710702,0.574687,0.661065,0.539147,0.654611,0.465697,0.655154,0.417861,0.656826,0.373038,0.701652,0.533918,0.688901,0.525293,0.689562,0.589047,0.697271,0.609948,0.737603,0.544466,0.726672,0.541958,0.71924,0.600302,0.721853,0.61352,0.772009,0.565122,0.758971,0.560945,0.745883,0.604992,0.744632,0.617094,0
0.753133,0.720522,0.708071,0.704513,0.670654,0.651236,0.694334,0.603402,0.737178,0.583021,0.684373,0.550218,0.67703,0.470638,0.678848,0.422789,0.680646,0.375901,0.725484,0.546847,0.716037,0.531215,0.716657,0.593719,0.721319,0.613215,0.763117,0.557955,0.756206,0.54665,0.74758,0.602427,0.747353,0.614261,0.799416,0.577438,0.787625,0.567752,0.775033,0.610565,0.772959,0.621596,0
0.762997,0.729548,0.718825,0.710461,0.682883,0.654201,0.709825,0.605389,0.754898,0.58547,0.698103,0.550419,0.692211,0.472374,0.693263,0.42397,0.694154,0.374743,0.739743,0.547221,0.724007,0.536085,0.724517,0.600295,0.73221,0.618827,0.776968,0.560291,0.766626,0.555905,0.757773,0.614069,0.758934,0.625005,0.813307,0.582226,0.803254,0.573614,0.787814,0.619159,0.783984,0.632962,0
0.767061,0.730485,0.721606,0.711882,0.685921,0.655465,0.711757,0.608346,0.756823,0.589147,0.701674,0.555366,0.69629,0.470826,0.696878,0.421715,0.69764,0.372993,0.743061,0.555485,0.729803,0.540585,0.731061,0.604564,0.739549,0.6284,0.779668,0.567946,0.7714,0.552937,0.763854,0.612433,0.765932,0.629474,0.814775,0.588556,0.807708,0.564893,0.794046,0.612263,0.791257,0.632921,0
0.778087,0.739494,0.732571,0.714682,0.698298,0.65777,0.726613,0.611665,0.771577,0.592905,0.714214,0.554211,0.709841,0.474116,0.709415,0.423789,0.708598,0.375471,0.756275,0.551308,0.742369,0.537953,0.740689,0.601607,0.747457,0.626617,0.793815,0.565932,0.78549,0.552317,0.774255,0.611219,0.775166,0.630598,0.829383,0.591492,0.81959,0.577184,0.802323,0.621679,0.798261,0.640783,0
0.78423,0.746115,0.737763,0.721722,0.703013,0.662669,0.732394,0.616293,0.779984,0.597876,0.719548,0.5529,0.717681,0.477321,0.720079,0.427273,0.72157,0.378332,0.764262,0.544518,0.745331,0.546324,0.745553,0.611202,0.754806,0.631588,0.803242,0.55814,0.789469,0.567604,0.77883,0.623743,0.780944,0.63391,0.838406,0.585002,0.825163,0.591007,0.807614,0.633775,0.803913,0.644239,0
0.786178,0.744808,0.740351,0.723427,0.703988,0.664507,0.733715,0.616622,0.78188,0.598218,0.718337,0.548704,0.717853,0.474496,0.721117,0.425446,0.722446,0.377944,0.765194,0.538302,0.746439,0.546482,0.746016,0.616344,0.753829,0.635469,0.805156,0.551487,0.790956,0.570484,0.779389,0.630096,0.781135,0.638142,0.840463,0.579998,0.8275,0.597354,0.810557,0.640912,0.808666,0.646264,0
0.784958,0.760718,0.739837,0.737339,0.704829,0.676825,0.735606,0.627466,0.785079,0.60929,0.722579,0.562763,0.721325,0.481443,0.722401,0.43173,0.723079,0.383284,0.768059,0.561578,0.75306,0.545573,0.749205,0.614141,0.754962,0.643652,0.807743,0.578772,0.799312,0.564732,0.785532,0.624629,0.784472,0.645906,0.843695,0.608228,0.837098,0.590236,0.81721,0.635043,0.810487,0.655787,0
0.791252,0.760218,0.741738,0.73699,0.70374,0.675986,0.734241,0.627881,0.783924,0.608386,0.719141,0.557974,0.71908,0.481978,0.722742,0.433001,0.725344,0.384852,0.766855,0.547116,0.753457,0.554665,0.751261,0.62237,0.757204,0.644217,0.808036,0.559808,0.797708,0.583636,0.785494,0.641522,0.785841,0.649293,0.845324,0.586642,0.835644,0.607691,0.816843,0.652118,0.811107,0.659301,0
0.792957,0.773037,0.74419,0.75115,0.706685,0.688859,0.738688,0.638783,0.788197,0.618198,0.722708,0.571104,0.721644,0.48909,0.724038,0.438353,0.72548,0.387162,0.770055,0.5657,0.756461,0.561537,0.755197,0.631712,0.761714,0.653654,0.81122,0.580389,0.801965,0.587141,0.790341,0.647805,0.789999,0.657559,0.848605,0.606487,0.838925,0.607196,0.821412,0.655431,0.816302,0.667153,0
0.794333,0.772059,0.744901,0.749215,0.706346,0.687822,0.73766,0.638432,0.78841,0.616923,0.72141,0.56948,0.720232,0.489775,0.724757,0.438834,0.728488,0.388512,0.769605,0.558953,0.75559,0.567408,0.755078,0.635103,0.762043,0.65277,0.811357,0.571842,0.800775,0.596016,0.789349,0.654268,0.789345,0.659168,0.849005,0.597938,0.8388,0.617311,0.821297,0.662509,0.816199,0.668255,0
0.791807,0.776535,0.741942,0.752645,0.70384,0.688642,0.736717,0.640344,0.789306,0.622741,0.721674,0.570907,0.720622,0.48814,0.724621,0.435868,0.72764,0.384545,0.770718,0.563127,0.756864,0.566534,0.755239,0.634832,0.761396,0.653666,0.813427,0.57779,0.803742,0.596674,0.791567,0.654701,0.790383,0.660816,0.851809,0.605113,0.842306,0.619224,0.823935,0.664807,0.817688,0.672468,0
0.793814,0.779528,0.742306,0.756867,0.702128,0.691553,0.735275,0.641391,0.788824,0.624813,0.721048,0.574944,0.7193,0.49171,0.722765,0.439111,0.725197,0.38773,0.769734,0.563072,0.756524,0.574641,0.754839,0.642903,0.761515,0.661736,0.811871,0.576187,0.80208,0.600465,0.789923,0.658101,0.789579,0.664698,0.850018,0.603099,0.839772,0.623276,0.820768,0.667914,0.814429,0.675078,0
0.781567,0.777053,0.730042,0.752678,0.687714,0.690427,0.716095,0.643723,0.767293,0.625412,0.708239,0.568243,0.705716,0.488474,0.705891,0.436932,0.706994,0.385586,0.756804,0.557844,0.74343,0.565396,0.738522,0.634132,0.743161,0.656828,0.799507,0.572349,0.787942,0.598018,0.776455,0.654895,0.776104,0.663071,0.838104,0.600777,0.823991,0.620087,0.808122,0.666084,0.804002,0.675674,0
0.776224,0.779208,0.721772,0.753582,0.67989,0.688116,0.711473,0.64136,0.763613,0.625597,0.702333,0.57329,0.698866,0.489761,0.700798,0.437528,0.702629,0.386823,0.751404,0.565314,0.734166,0.574415,0.729927,0.64238,0.735771,0.663017,0.79363,0.580184,0.779845,0.596711,0.768948,0.654313,0.769873,0.665502,0.832454,0.608252,0.81718,0.620379,0.801242,0.66548,0.798115,0.677351,0
0.7429,0.778349,0.689332,0.755868,0.646009,0.69292,0.673916,0.642723,0.723487,0.626133,0.6672,0.572746,0.661021,0.485956,0.664335,0.433392,0.668583,0.382582,0.714094,0.568405,0.699673,0.566149,0.698983,0.631885,0.703721,0.654503,0.755966,0.582786,0.744096,0.594366,0.738056,0.651728,0.739247,0.663713,0.796981,0.608802,0.784535,0.612754,0.771029,0.659482,0.766317,0.67363,0
0.736431,0.781862,0.682783,0.757932,0.638923,0.691425,0.667096,0.6419,0.715874,0.625574,0.660476,0.578001,0.651348,0.488362,0.652897,0.435165,0.656433,0.383891,0.707665,0.574781,0.691187,0.565792,0.688146,0.636837,0.694823,0.65926,0.749283,0.589872,0.736579,0.586197,0.727437,0.649268,0.730273,0.664011,0.789022,0.615854,0.774418,0.608071,0.760375,0.656964,0.759284,0.672689,0
0.695764,0.790567,0.642216,0.761358,0.600097,0.697223,0.623471,0.646721,0.671828,0.631838,0.623911,0.577088,0.612986,0.494637,0.607933,0.441486,0.606025,0.392679,0.667954,0.576815,0.649371,0.553917,0.644673,0.616971,0.648583,0.651295,0.709026,0.594747,0.69295,0.584951,0.685758,0.642588,0.688346,0.665012,0.750168,0.625088,0.730916,0.611376,0.7174,0.65521,0.716061,0.675458,0
0.685504,0.786607,0.632829,0.758291,0.588818,0.691167,0.610687,0.642384,0.655326,0.629379,0.611187,0.573763,0.601777,0.490751,0.597343,0.438865,0.596719,0.389557,0.657225,0.571913,0.639333,0.554128,0.634082,0.620377,0.639051,0.652265,0.699906,0.588712,0.681198,0.588178,0.671996,0.647884,0.674728,0.66666,0.740559,0.616832,0.718947,0.607524,0.705143,0.653351,0.705692,0.671015,0
0.652081,0.779922,0.599198,0.75598,0.551799,0.694403,0.568852,0.643623,0.6124,0.624997,0.57192,0.571571,0.557264,0.490639,0.551149,0.439306,0.547821,0.390729,0.616543,0.562385,0.592512,0.56286,0.596122,0.628699,0.606933,0.655773,0.657358,0.574501,0.634898,0.593987,0.632716,0.652987,0.640128,0.666425,0.69676,0.599432,0.673251,0.609421,0.664019,0.655371,0.666865,0.668536,0
0.643312,0.774272,0.590725,0.751929,0.540687,0.690023,0.554794,0.637503,0.601892,0.626107,0.563702,0.567825,0.549338,0.487831,0.541385,0.438338,0.537535,0.392146,0.607851,0.558343,0.591025,0.559042,0.591385,0.622192,0.599015,0.649618,0.649152,0.571193,0.630502,0.589272,0.625986,0.645386,0.630877,0.660156,0.688101,0.597045,0.668262,0.604637,0.656711,0.648852,0.657615,0.664701,0
0.622299,0.767969,0.570245,0.7471,0.516097,0.692559,0.521351,0.63622,0.567275,0.617043,0.535818,0.567167,0.518769,0.490043,0.510584,0.443991,0.505257,0.398024,0.578576,0.551442,0.549591,0.557122,0.556835,0.621221,0.569374,0.644958,0.619215,0.55916,0.59155,0.593568,0.593492,0.649579,0.601927,0.661203,0.6581,0.581077,0.628929,0.607064,0.62341,0.649757,0.627696,0.660983,0
0.619592,0.761978,0.566368,0.748207,0.509357,0.691873,0.515112,0.63557,0.564153,0.622047,0.531792,0.566139,0.513721,0.487471,0.504924,0.439966,0.498176,0.394472,0.575073,0.55069,0.544685,0.5601,0.551632,0.623636,0.564613,0.645346,0.615174,0.559504,0.586626,0.593218,0.587099,0.650296,0.595335,0.661294,0.653142,0.582518,0.627286,0.60179,0.618023,0.646131,0.619865,0.660593,0
0.609912,0.750903,0.559528,0.733627,0.504853,0.682086,0.506404,0.627945,0.55312,0.613329,0.525558,0.557904,0.506435,0.480164,0.496534,0.434255,0.489261,0.390231,0.567613,0.543494,0.537717,0.549786,0.545668,0.611859,0.558581,0.633287,0.607172,0.551897,0.578378,0.585998,0.580463,0.640275,0.589217,0.649836,0.645214,0.57354,0.617811,0.595773,0.609949,0.637187,0.612811,0.649322,0
0.605466,0.734848,0.557531,0.719783,0.502243,0.667803,0.50383,0.611232,0.549356,0.595154,0.520696,0.551068,0.50102,0.472772,0.491594,0.428422,0.484977,0.384877,0.560893,0.537471,0.534172,0.538491,0.546124,0.600348,0.560497,0.619726,0.59941,0.54348,0.573027,0.573933,0.57908,0.629338,0.589057,0.637027,0.637114,0.560792,0.609074,0.584016,0.607055,0.625868,0.613917,0.633826,0
0.603647,0.726226,0.554617,0.712246,0.502127,0.662417,0.503346,0.606631,0.547596,0.589631,0.519429,0.545343,0.501044,0.470419,0.491998,0.425811,0.485041,0.382875,0.559471,0.530865,0.532901,0.539697,0.542936,0.597022,0.557178,0.615295,0.597592,0.538303,0.571394,0.565835,0.57461,0.618461,0.584185,0.629091,0.634548,0.557322,0.609601,0.572489,0.602552,0.614565,0.605737,0.629536,0
0.602644,0.713886,0.556697,0.700774,0.504843,0.653722,0.502518,0.596944,0.544199,0.573805,0.520659,0.53993,0.501299,0.465249,0.491791,0.421767,0.485481,0.378773,0.558984,0.526506,0.53053,0.52598,0.54055,0.58316,0.55596,0.60126,0.595372,0.531683,0.567567,0.557769,0.572827,0.609913,0.584059,0.61734,0.631705,0.546983,0.602892,0.568317,0.601015,0.608727,0.608704,0.617147,0
0.600022,0.708754,0.55521,0.69688,0.505108,0.649672,0.504305,0.592331,0.545737,0.570783,0.520362,0.539225,0.501953,0.465482,0.4934,0.422337,0.487187,0.37979,0.558035,0.525557,0.529768,0.524609,0.539809,0.583767,0.554186,0.602788,0.593842,0.529868,0.566118,0.552295,0.571535,0.608003,0.582564,0.618223,0.629143,0.544345,0.601191,0.561658,0.599044,0.604603,0.6068,0.614952,0
0.60761,0.694256,0.562158,0.680296,0.514382,0.634537,0.512937,0.580731,0.55091,0.557571,0.527055,0.529351,0.511221,0.454212,0.502059,0.411319,0.495155,0.369785,0.563262,0.51717,0.541266,0.513331,0.550541,0.569237,0.563986,0.588647,0.598219,0.521242,0.575766,0.541271,0.580692,0.593412,0.590998,0.604104,0.633617,0.534049,0.608238,0.548894,0.605468,0.588887,0.611386,0.600005,0
0.608909,0.690052,0.565374,0.678417,0.518236,0.631298,0.519783,0.577444,0.557715,0.554234,0.53096,0.524337,0.515693,0.455225,0.507379,0.414213,0.501126,0.37409,0.566597,0.511164,0.544591,0.510213,0.552706,0.565476,0.5649,0.585428,0.601018,0.515044,0.578176,0.535336,0.581868,0.589239,0.590487,0.601237,0.634776,0.528318,0.610286,0.547711,0.608369,0.588879,0.614616,0.598493,0
0.622212,0.680322,0.579337,0.665201,0.535319,0.618576,0.535743,0.568343,0.572496,0.546929,0.548846,0.513355,0.534844,0.449547,0.526443,0.41104,0.519776,0.375042,0.582164,0.50238,0.560646,0.50027,0.567297,0.553118,0.578646,0.573937,0.614273,0.506819,0.593569,0.524165,0.595699,0.573796,0.603617,0.585754,0.646337,0.52088,0.624044,0.536691,0.619464,0.573952,0.623082,0.583959,0
0.623862,0.675017,0.582878,0.662577,0.538222,0.615619,0.540591,0.563023,0.57732,0.538583,0.551137,0.511148,0.538049,0.447491,0.529881,0.408155,0.523395,0.372272,0.585831,0.501278,0.563365,0.497139,0.569203,0.554076,0.580842,0.575213,0.618321,0.506771,0.595895,0.522805,0.597475,0.576909,0.605945,0.588212,0.650167,0.522874,0.627612,0.536168,0.623677,0.575708,0.629431,0.584215,0
0.636469,0.669728,0.595043,0.658482,0.553367,0.610995,0.558852,0.558122,0.594352,0.535592,0.564849,0.507318,0.55106,0.449186,0.544324,0.408893,0.539215,0.371959,0.60041,0.497698,0.578823,0.49456,0.58462,0.5498,0.595851,0.573942,0.633417,0.504577,0.612327,0.51461,0.611616,0.567154,0.620109,0.5831,0.665577,0.523276,0.645095,0.529921,0.637033,0.568006,0.64084,0.580521,0
0.650216,0.667274,0.610516,0.653658,0.572035,0.60479,0.579601,0.555238,0.614699,0.53454,0.583198,0.507782,0.567279,0.446274,0.561587,0.405231,0.558187,0.368379,0.617479,0.501735,0.60296,0.496861,0.606817,0.548833,0.614973,0.572799,0.649094,0.510077,0.633921,0.513119,0.631073,0.562638,0.636348,0.578892,0.679864,0.528679,0.664723,0.525303,0.654861,0.56263,0.655836,0.576965,0
0.656375,0.66625,0.616216,0.654053,0.575994,0.603731,0.583589,0.552103,0.621989,0.534298,0.587789,0.507717,0.572339,0.445367,0.56565,0.40505,0.561644,0.368472,0.621848,0.502045,0.605565,0.495914,0.610292,0.551786,0.620946,0.574298,0.652776,0.51019,0.638341,0.510507,0.635406,0.563494,0.642092,0.580063,0.683052,0.528912,0.670175,0.519652,0.659509,0.560178,0.660272,0.577502,0
0.673306,0.66783,0.632258,0.652249,0.595271,0.599307,0.607315,0.547788,0.644376,0.531885,0.607293,0.504043,0.592235,0.444985,0.585893,0.403859,0.583242,0.366841,0.642592,0.496972,0.626551,0.491568,0.630712,0.548724,0.64069,0.569373,0.675646,0.505476,0.658619,0.508439,0.655454,0.563451,0.662966,0.577431,0.708459,0.524906,0.690881,0.521716,0.680943,0.5634,0.684626,0.576437,0
0.67935,0.666711,0.637607,0.649332,0.600297,0.597539,0.612689,0.547312,0.650606,0.530482,0.612567,0.499321,0.599198,0.439784,0.59177,0.400491,0.588393,0.364047,0.648034,0.491764,0.632967,0.478203,0.63443,0.536753,0.643374,0.56561,0.681346,0.499881,0.665428,0.499844,0.660307,0.556324,0.666452,0.577246,0.713702,0.519467,0.69698,0.514408,0.684062,0.556588,0.68434,0.575698,0
0.693451,0.660406,0.650703,0.646492,0.61175,0.596566,0.626646,0.546397,0.666871,0.529633,0.624066,0.495372,0.612252,0.435134,0.606534,0.396518,0.604155,0.360459,0.659,0.48898,0.65071,0.476225,0.652088,0.532199,0.657722,0.557831,0.69185,0.496706,0.684646,0.498382,0.679056,0.549824,0.680396,0.56495,0.724249,0.514679,0.711752,0.516909,0.701207,0.555601,0.7002,0.568075,0
0.696717,0.660161,0.65298,0.643656,0.615319,0.593764,0.632381,0.54492,0.672234,0.525083,0.628607,0.493191,0.615754,0.433675,0.608935,0.394962,0.607637,0.359469,0.663597,0.489574,0.666618,0.458469,0.66233,0.518873,0.662195,0.553245,0.697093,0.500444,0.700083,0.478764,0.687802,0.537008,0.683716,0.563657,0.729845,0.52218,0.721236,0.513028,0.706534,0.55437,0.701914,0.573016,0
0.70906,0.663574,0.665063,0.647486,0.627884,0.597481,0.645694,0.549151,0.685911,0.532378,0.645703,0.507964,0.63551,0.442453,0.6289,0.400908,0.625424,0.362535,0.681856,0.50482,0.667831,0.474144,0.66427,0.53166,0.669403,0.562925,0.715748,0.516266,0.706834,0.48144,0.695135,0.538583,0.695158,0.567104,0.749754,0.538721,0.733986,0.514046,0.719266,0.553891,0.718641,0.576322,0
0.711529,0.658501,0.669662,0.649983,0.628887,0.596098,0.648014,0.541072,0.691614,0.523338,0.645235,0.503244,0.635465,0.440096,0.629476,0.398622,0.625848,0.360339,0.683799,0.49529,0.667981,0.481276,0.66945,0.548261,0.67888,0.571389,0.715914,0.504996,0.702272,0.495975,0.694583,0.557,0.70093,0.576431,0.747834,0.525929,0.73225,0.514309,0.719879,0.558164,0.722571,0.574563,0
0.721693,0.664451,0.679311,0.651116,0.64177,0.599926,0.661323,0.550465,0.701623,0.532655,0.655744,0.511213,0.647522,0.442848,0.641886,0.399273,0.636591,0.358539,0.693541,0.505785,0.680472,0.482707,0.680892,0.541154,0.68805,0.566003,0.727866,0.51614,0.715644,0.498843,0.708241,0.554519,0.711181,0.57282,0.762069,0.535571,0.743851,0.524744,0.731863,0.564603,0.732803,0.578681,0
0.722255,0.663481,0.681493,0.650014,0.645967,0.598164,0.665158,0.545705,0.705241,0.525189,0.657768,0.50651,0.649887,0.443132,0.645731,0.401007,0.641765,0.362088,0.6966,0.502022,0.683713,0.484558,0.6832,0.546558,0.688125,0.570738,0.729871,0.513425,0.718321,0.504157,0.710866,0.560961,0.714253,0.579004,0.763092,0.534755,0.751079,0.519552,0.737633,0.560679,0.736229,0.577232,0
0.731759,0.663395,0.688887,0.648835,0.653124,0.596577,0.677214,0.546125,0.718075,0.527941,0.666985,0.500322,0.660714,0.441076,0.657043,0.399119,0.655102,0.359713,0.706135,0.496363,0.6927,0.47379,0.692751,0.537778,0.700521,0.563798,0.739178,0.508865,0.728627,0.495944,0.720314,0.556132,0.72464,0.575544,0.771673,0.532671,0.759071,0.5174,0.74651,0.560631,0.747166,0.576578,0
0.731503,0.665219,0.689966,0.65048,0.65419,0.600694,0.674389,0.55186,0.71398,0.529384,0.666819,0.506816,0.661089,0.440435,0.658046,0.397551,0.657182,0.356576,0.705341,0.50509,0.696811,0.478918,0.693887,0.54329,0.699398,0.568579,0.739206,0.517245,0.732671,0.495949,0.722505,0.554943,0.723216,0.572436,0.772239,0.539005,0.76321,0.518467,0.749654,0.560805,0.747033,0.576849,0
0.725747,0.663321,0.683786,0.647087,0.647443,0.596295,0.664829,0.546964,0.703651,0.527711,0.658859,0.512264,0.650428,0.442629,0.645145,0.401406,0.642034,0.361346,0.695308,0.510439,0.683888,0.480179,0.68289,0.53757,0.687744,0.562026,0.728914,0.521155,0.718698,0.496567,0.711978,0.550885,0.712924,0.568885,0.762458,0.540067,0.74672,0.519399,0.736144,0.5595,0.735428,0.575981,0
0.707061,0.659359,0.664727,0.644707,0.624798,0.593038,0.640912,0.542431,0.682522,0.530541,0.63865,0.511464,0.630306,0.44339,0.625756,0.403927,0.624187,0.365682,0.673218,0.509412,0.665377,0.483403,0.666237,0.540794,0.672687,0.565779,0.705445,0.519294,0.700248,0.495719,0.694444,0.549624,0.695909,0.568977,0.738468,0.537783,0.727248,0.517701,0.717333,0.556012,0.71685,0.57118,0
0.700865,0.65625,0.658548,0.642553,0.621234,0.591121,0.637414,0.541106,0.676403,0.527414,0.633377,0.507298,0.62421,0.439567,0.61977,0.400525,0.61867,0.362989,0.666216,0.505525,0.671288,0.474073,0.669425,0.533493,0.669132,0.563208,0.697536,0.513282,0.702833,0.483609,0.694461,0.540414,0.690642,0.56526,0.728743,0.529318,0.724162,0.507938,0.713269,0.548369,0.709199,0.566751,0
0.672205,0.662924,0.630685,0.641075,0.596081,0.588842,0.608707,0.542713,0.642653,0.53263,0.609223,0.514223,0.596419,0.448676,0.589773,0.41097,0.588,0.375006,0.641304,0.510899,0.63067,0.48612,0.633116,0.539996,0.64229,0.563233,0.671982,0.516635,0.661242,0.500596,0.658808,0.553093,0.664975,0.569151,0.704512,0.529346,0.690461,0.513933,0.680046,0.553331,0.680328,0.567689,0
0.666291,0.659918,0.623432,0.641439,0.586283,0.589345,0.59742,0.542878,0.633765,0.52952,0.601875,0.517531,0.588286,0.450649,0.583941,0.41014,0.583669,0.374007,0.633102,0.516825,0.623022,0.49583,0.627063,0.544424,0.637271,0.566524,0.661523,0.524287,0.650277,0.510497,0.648856,0.557698,0.655798,0.573409,0.690596,0.538982,0.677025,0.52309,0.669931,0.559544,0.673284,0.573682,0
0.634474,0.664568,0.594554,0.656105,0.552455,0.607713,0.560522,0.553539,0.594119,0.536038,0.566704,0.520981,0.553788,0.462362,0.5463,0.422335,0.541066,0.387813,0.601,0.513767,0.580312,0.503376,0.589448,0.559175,0.603165,0.581942,0.629979,0.519622,0.610358,0.517423,0.612608,0.569401,0.624013,0.586449,0.661329,0.534782,0.63969,0.526801,0.634647,0.566511,0.641045,0.578993,0
0.626159,0.663785,0.586825,0.653008,0.546796,0.608427,0.550968,0.560627,0.584404,0.541214,0.560018,0.528485,0.546564,0.462722,0.53851,0.424714,0.532182,0.389695,0.590953,0.522313,0.577238,0.514535,0.584332,0.561355,0.595256,0.577895,0.619145,0.525989,0.605185,0.527605,0.607599,0.572921,0.614945,0.583282,0.648368,0.536268,0.631909,0.53218,0.628766,0.568639,0.633486,0.579079,0
0.595356,0.668263,0.558051,0.661595,0.512008,0.616227,0.514896,0.5627,0.547522,0.547482,0.526978,0.527383,0.513179,0.474756,0.505076,0.433838,0.500282,0.399676,0.56061,0.515226,0.536138,0.515163,0.547771,0.573942,0.562946,0.592081,0.590049,0.518138,0.566814,0.527171,0.572133,0.578845,0.585437,0.591453,0.621372,0.531066,0.596329,0.5324,0.593808,0.572154,0.602604,0.581043,0
0.587965,0.666625,0.549447,0.657541,0.507538,0.617739,0.504292,0.569146,0.535615,0.548326,0.519892,0.53005,0.502704,0.46923,0.494409,0.432073,0.48982,0.395698,0.551336,0.52314,0.528313,0.516751,0.53718,0.570534,0.55182,0.588551,0.58101,0.527999,0.55789,0.533244,0.562824,0.582694,0.574414,0.592599,0.61213,0.541119,0.586978,0.540848,0.585136,0.578801,0.59327,0.587688,0
0.560914,0.672709,0.522727,0.663227,0.480415,0.624003,0.47543,0.575888,0.506148,0.555405,0.495255,0.529119,0.47837,0.469362,0.46822,0.432035,0.460815,0.398634,0.52605,0.517287,0.498347,0.519459,0.507097,0.571057,0.520635,0.587453,0.554682,0.52003,0.527759,0.541044,0.534417,0.586363,0.545655,0.5939,0.583283,0.533299,0.555294,0.551938,0.557185,0.585392,0.566558,0.589288,0
0.538843,0.683506,0.500872,0.672189,0.459753,0.636669,0.452642,0.589621,0.481438,0.566183,0.47692,0.536825,0.457447,0.475845,0.445985,0.437377,0.437405,0.402692,0.507337,0.525572,0.474064,0.528674,0.482933,0.580785,0.498186,0.596408,0.535397,0.528726,0.502584,0.549825,0.510573,0.595644,0.523715,0.603842,0.562641,0.542252,0.529546,0.559776,0.532506,0.594941,0.543017,0.601683,0
0.535733,0.685986,0.496974,0.674065,0.455352,0.637094,0.447408,0.590793,0.475428,0.566934,0.471904,0.539489,0.450747,0.478736,0.439209,0.441642,0.429743,0.40649,0.502595,0.527043,0.468014,0.534124,0.478502,0.586473,0.493796,0.602386,0.530657,0.529714,0.495823,0.551845,0.505333,0.598563,0.519096,0.607911,0.557948,0.542618,0.52388,0.560705,0.527868,0.595216,0.539111,0.602193,0
0.513841,0.692402,0.473474,0.678778,0.434031,0.643688,0.425741,0.598719,0.451332,0.575202,0.452793,0.541918,0.430766,0.485087,0.418317,0.44843,0.409466,0.415149,0.48297,0.529355,0.446231,0.536961,0.455465,0.59032,0.470849,0.604785,0.510319,0.532191,0.473184,0.55895,0.482948,0.605601,0.497278,0.612707,0.53582,0.546548,0.49902,0.569939,0.504481,0.604753,0.516573,0.609193,0
0.495455,0.696141,0.454342,0.680704,0.415584,0.647574,0.404663,0.604271,0.430286,0.584582,0.438174,0.541143,0.416505,0.484166,0.403161,0.447715,0.394147,0.41571,0.468339,0.52869,0.429669,0.539685,0.436192,0.594612,0.450601,0.608234,0.495476,0.533813,0.456164,0.563831,0.463242,0.609651,0.476969,0.616737,0.519301,0.552058,0.481414,0.576934,0.484316,0.610888,0.495942,0.617158,0
0.487162,0.704764,0.444385,0.69155,0.401885,0.658255,0.390108,0.614286,0.418015,0.592405,0.424881,0.548717,0.400636,0.490184,0.38868,0.451749,0.381183,0.417096,0.455773,0.533843,0.415737,0.54945,0.425153,0.602399,0.441464,0.617553,0.483731,0.538633,0.443746,0.569076,0.451544,0.615137,0.466011,0.625314,0.50819,0.556692,0.471203,0.582069,0.474494,0.617214,0.48652,0.626691,0
0.484088,0.710538,0.439855,0.695158,0.398525,0.661688,0.387256,0.61729,0.415129,0.597094,0.422405,0.550722,0.39678,0.493486,0.383504,0.455224,0.375328,0.420512,0.453634,0.537414,0.412453,0.553214,0.420286,0.60721,0.436155,0.621199,0.480729,0.543931,0.438824,0.573906,0.44523,0.619626,0.459757,0.62941,0.503277,0.56384,0.465778,0.587459,0.468113,0.621808,0.479973,0.63126,0
0.479155,0.712706,0.43427,0.69986,0.391658,0.665461,0.380814,0.620177,0.409023,0.600167,0.419998,0.552165,0.392483,0.492633,0.376921,0.455812,0.366327,0.421551,0.45103,0.540427,0.40528,0.555803,0.41238,0.609687,0.428575,0.62348,0.477326,0.547583,0.43271,0.578534,0.439615,0.624378,0.454537,0.632604,0.499585,0.567156,0.460789,0.590938,0.463088,0.626455,0.47469,0.635675,0
0.46339,0.718615,0.415763,0.704533,0.372781,0.669096,0.359921,0.623667,0.384096,0.603282,0.40411,0.554004,0.373807,0.501691,0.355435,0.467699,0.3419,0.434934,0.432865,0.539739,0.382061,0.55719,0.391691,0.612738,0.409711,0.627833,0.457092,0.544286,0.409091,0.582817,0.418842,0.629116,0.434829,0.636444,0.476358,0.56239,0.435891,0.594175,0.441239,0.628414,0.453948,0.634713,0
0.45846,0.724432,0.402909,0.709295,0.355131,0.669671,0.339782,0.621765,0.368621,0.600556,0.399123,0.546471,0.355947,0.513215,0.34072,0.504537,0.331734,0.476317,0.42517,0.537581,0.368614,0.556816,0.378331,0.610691,0.394924,0.618432,0.445625,0.543848,0.391621,0.580964,0.402035,0.629618,0.418467,0.632387,0.461017,0.561847,0.417391,0.597808,0.424922,0.631776,0.440008,0.63372,0
0.449557,0.724284,0.39604,0.708859,0.350891,0.669104,0.339554,0.622478,0.363846,0.603231,0.385341,0.549125,0.348592,0.502319,0.329477,0.472454,0.315745,0.439647,0.414848,0.537961,0.359892,0.556515,0.370768,0.61312,0.390043,0.622895,0.438337,0.544507,0.384146,0.580791,0.394593,0.63051,0.412798,0.636551,0.456794,0.564442,0.411339,0.596185,0.416579,0.631487,0.431274,0.637211,0
0.431573,0.729094,0.380755,0.715366,0.334668,0.676462,0.319013,0.626709,0.34565,0.607794,0.360943,0.556414,0.331641,0.499696,0.312369,0.463024,0.298784,0.430301,0.392615,0.540767,0.344446,0.555857,0.353331,0.61458,0.371339,0.630461,0.420631,0.545332,0.373563,0.585878,0.382378,0.634419,0.398393,0.640998,0.443809,0.564824,0.401213,0.600104,0.406666,0.634856,0.420779,0.638306,0
0.429951,0.733288,0.380316,0.721331,0.331821,0.682172,0.316425,0.632373,0.344176,0.611988,0.351814,0.557374,0.322443,0.500441,0.304384,0.462356,0.291389,0.427436,0.385918,0.540732,0.342147,0.560644,0.352212,0.619941,0.369031,0.635621,0.416961,0.546423,0.37279,0.586862,0.381669,0.637101,0.396903,0.645416,0.443437,0.567859,0.403296,0.602681,0.406876,0.639707,0.419498,0.645743,0
0.433499,0.7356,0.380512,0.723213,0.332453,0.683204,0.317153,0.632387,0.344918,0.61171,0.354193,0.556236,0.323801,0.500493,0.303925,0.463744,0.289064,0.429721,0.389252,0.541277,0.342366,0.561095,0.35247,0.621414,0.369826,0.633046,0.420004,0.548118,0.37293,0.588903,0.381463,0.640105,0.397009,0.645837,0.445025,0.570748,0.403251,0.60727,0.407036,0.644937,0.420322,0.649261,0
0.43504,0.739678,0.381749,0.726734,0.333346,0.686258,0.317806,0.634615,0.346327,0.613679,0.356346,0.558555,0.325242,0.50216,0.305309,0.46508,0.29006,0.430415,0.39176,0.542931,0.344087,0.563275,0.355284,0.624833,0.372815,0.636588,0.422928,0.549563,0.375377,0.590446,0.384829,0.641836,0.400697,0.647915,0.448286,0.572043,0.406531,0.60706,0.410975,0.645161,0.424677,0.650532,0
0.457626,0.738531,0.402405,0.725849,0.350584,0.683755,0.340767,0.632062,0.370932,0.611486,0.377663,0.554238,0.34455,0.498712,0.326436,0.457802,0.312908,0.419396,0.413102,0.537263,0.363511,0.558968,0.375924,0.620386,0.396055,0.634194,0.445074,0.544165,0.39794,0.585195,0.40621,0.637434,0.4229,0.644979,0.472238,0.566459,0.43127,0.599,0.432882,0.638247,0.445349,0.645783,0
0.460608,0.740353,0.405537,0.729908,0.354283,0.684011,0.348611,0.630411,0.380793,0.608161,0.38221,0.553028,0.350534,0.496958,0.332157,0.458207,0.318038,0.421843,0.41974,0.537063,0.375661,0.55704,0.38619,0.615817,0.403792,0.634168,0.452373,0.544856,0.408969,0.585654,0.416443,0.635966,0.431081,0.645549,0.480479,0.567162,0.441899,0.599739,0.445049,0.637819,0.457277,0.645468,0
0.485834,0.739831,0.431685,0.727145,0.375862,0.686188,0.365538,0.633154,0.40379,0.612206,0.409413,0.557341,0.375829,0.493007,0.357969,0.450785,0.344479,0.411857,0.446576,0.540972,0.395261,0.557899,0.405543,0.621746,0.425022,0.636924,0.478625,0.548633,0.431478,0.589764,0.439552,0.641215,0.456962,0.648215,0.505138,0.570622,0.463273,0.601482,0.465347,0.640759,0.478392,0.64885,0
0.489033,0.739616,0.438603,0.726747,0.385673,0.684436,0.377801,0.631131,0.413774,0.609907,0.410362,0.559342,0.382106,0.489905,0.366136,0.446863,0.353355,0.40777,0.448733,0.541271,0.408563,0.562171,0.419246,0.62053,0.435827,0.636549,0.483025,0.547494,0.444384,0.591409,0.451685,0.640844,0.465298,0.648831,0.513327,0.567926,0.477166,0.601579,0.479391,0.640614,0.490573,0.649711,0
0.521944,0.739891,0.469903,0.72577,0.419128,0.681243,0.41677,0.62851,0.457492,0.611786,0.44388,0.557366,0.417971,0.484709,0.406152,0.438094,0.397241,0.395503,0.483766,0.538763,0.45107,0.557964,0.460631,0.615582,0.475634,0.634209,0.519574,0.546895,0.487315,0.585705,0.49215,0.6335,0.503394,0.643597,0.551032,0.569375,0.520914,0.602265,0.521644,0.638722,0.531182,0.646223,0
0.536956,0.744886,0.487741,0.728957,0.43771,0.678274,0.438853,0.625188,0.480244,0.612494,0.463554,0.558486,0.438857,0.482221,0.427325,0.435061,0.417779,0.393464,0.502095,0.542526,0.472701,0.557154,0.479764,0.613424,0.491962,0.633414,0.536524,0.55125,0.507195,0.584805,0.510385,0.63357,0.519974,0.64575,0.567865,0.572882,0.539814,0.602323,0.536157,0.640397,0.541672,0.650432,0
0.544283,0.74863,0.494342,0.731084,0.445488,0.678524,0.450072,0.625229,0.491954,0.614896,0.472496,0.560553,0.451449,0.480771,0.442394,0.430331,0.435039,0.385246,0.513036,0.545089,0.481158,0.55945,0.488287,0.618431,0.50229,0.639399,0.548446,0.55398,0.51795,0.589164,0.520477,0.637192,0.530797,0.648368,0.579926,0.576728,0.551248,0.607865,0.547501,0.64446,0.554201,0.65196,0
0.569145,0.755878,0.520974,0.739406,0.473414,0.687214,0.477854,0.639019,0.52082,0.625434,0.500132,0.567622,0.484077,0.484798,0.477727,0.432845,0.470898,0.385935,0.540226,0.555202,0.511394,0.57448,0.515976,0.633272,0.52814,0.653817,0.57445,0.566056,0.546691,0.602522,0.547655,0.65055,0.556337,0.659938,0.604953,0.589031,0.579632,0.621863,0.576349,0.658188,0.582542,0.663534,0
0.605717,0.765577,0.556924,0.74216,0.512666,0.688058,0.526638,0.641892,0.570755,0.629541,0.538414,0.574792,0.524523,0.490891,0.519273,0.437777,0.515201,0.389171,0.579419,0.566015,0.561806,0.578555,0.562777,0.631109,0.571046,0.650755,0.615947,0.580733,0.596944,0.610846,0.593476,0.652344,0.599419,0.66151,0.649758,0.606489,0.629997,0.630126,0.621057,0.663893,0.622659,0.673779,0
0.613171,0.771454,0.56275,0.746365,0.5187,0.686472,0.537102,0.639668,0.583052,0.633257,0.551017,0.573376,0.536986,0.490607,0.532707,0.437839,0.529525,0.389208,0.593332,0.567918,0.571875,0.569948,0.570828,0.630324,0.579272,0.654497,0.630866,0.584974,0.610986,0.600936,0.60377,0.651841,0.609258,0.666762,0.665694,0.613762,0.646112,0.620659,0.631782,0.660235,0.631654,0.675624,0
0.619077,0.771133,0.570139,0.745824,0.526863,0.687181,0.546326,0.641916,0.591817,0.63279,0.558097,0.573199,0.545182,0.48809,0.541857,0.436301,0.540133,0.38784,0.6009,0.569397,0.580531,0.573324,0.577023,0.635066,0.584931,0.657848,0.63884,0.587516,0.620421,0.603589,0.610893,0.655381,0.615203,0.668531,0.673803,0.617101,0.653846,0.626322,0.637972,0.66573,0.636783,0.678444,0
0.642725,0.772614,0.593751,0.747274,0.554167,0.685865,0.579473,0.641929,0.62542,0.629864,0.584046,0.568718,0.572926,0.486965,0.569213,0.43508,0.565967,0.387594,0.629274,0.564227,0.610339,0.570252,0.605178,0.632223,0.609209,0.654563,0.668157,0.583898,0.648384,0.606474,0.637344,0.658753,0.638859,0.669012,0.702232,0.615683,0.67989,0.636666,0.666823,0.674955,0.667796,0.681104,0
0.666319,0.784345,0.617397,0.755545,0.578357,0.693325,0.603483,0.649857,0.649947,0.636041,0.609934,0.57838,0.598246,0.495306,0.593045,0.443228,0.588682,0.395042,0.653263,0.580026,0.639866,0.566227,0.632296,0.628291,0.633315,0.658026,0.691529,0.600832,0.678937,0.60082,0.663548,0.657823,0.661132,0.67801,0.726706,0.632523,0.713663,0.621862,0.694326,0.664717,0.688248,0.684868,0
0.68952,0.789258,0.636124,0.75953,0.594578,0.696152,0.621403,0.649937,0.670354,0.637946,0.624901,0.580784,0.614076,0.50009,0.609113,0.448008,0.604484,0.399091,0.670512,0.574758,0.649624,0.576385,0.647661,0.635089,0.654078,0.656838,0.710549,0.592557,0.689631,0.613608,0.680459,0.663741,0.682742,0.674266,0.748373,0.622532,0.725485,0.637527,0.711266,0.676617,0.709927,0.687469,0
0.69468,0.783737,0.645783,0.756279,0.603126,0.695092,0.626697,0.649423,0.675515,0.638097,0.635337,0.577049,0.624499,0.489513,0.618936,0.436776,0.612782,0.388353,0.680413,0.576392,0.657766,0.573519,0.653747,0.634112,0.658844,0.659191,0.720804,0.596137,0.7036,0.598709,0.692719,0.651028,0.693127,0.669369,0.759332,0.627205,0.742374,0.620187,0.723571,0.658644,0.717659,0.676676,0
0.700536,0.782129,0.649112,0.752398,0.608337,0.691343,0.631493,0.643883,0.678743,0.631453,0.638629,0.582559,0.626553,0.491459,0.622305,0.43823,0.61806,0.389559,0.682369,0.584419,0.666694,0.562665,0.661461,0.624003,0.661893,0.657822,0.722087,0.602112,0.711581,0.584928,0.69935,0.643031,0.694838,0.672897,0.760011,0.631017,0.748438,0.611208,0.72895,0.65378,0.718747,0.680248,0
0.708983,0.768618,0.661535,0.744624,0.617261,0.682302,0.641741,0.636225,0.688521,0.619926,0.645413,0.563872,0.633467,0.477401,0.628635,0.425198,0.623353,0.376678,0.691696,0.557785,0.67346,0.559784,0.670141,0.621962,0.674696,0.645569,0.73257,0.573507,0.715575,0.588557,0.703843,0.641793,0.703334,0.65483,0.770991,0.60073,0.751777,0.613327,0.733906,0.653489,0.729045,0.664399,0
0.715895,0.757249,0.668784,0.729392,0.626338,0.6666,0.648779,0.619479,0.695509,0.604261,0.654393,0.548659,0.642986,0.464887,0.637024,0.414187,0.63166,0.368206,0.699738,0.544884,0.683547,0.543619,0.677547,0.604789,0.679436,0.630539,0.739922,0.561336,0.722143,0.574814,0.709675,0.627786,0.708322,0.642607,0.777905,0.589305,0.756675,0.59977,0.738626,0.639434,0.733457,0.652029,0
0.718332,0.751884,0.671024,0.725288,0.629586,0.66427,0.650158,0.616024,0.695472,0.600874,0.657398,0.549543,0.646336,0.464051,0.639927,0.413788,0.634657,0.368095,0.701623,0.547391,0.687035,0.544242,0.682106,0.60322,0.685297,0.625326,0.741215,0.563724,0.724287,0.572717,0.713278,0.626739,0.713211,0.641235,0.778258,0.590226,0.757758,0.59731,0.741544,0.637965,0.737932,0.650524,0
0.719019,0.751943,0.672241,0.722972,0.632211,0.661203,0.653086,0.614816,0.69813,0.602363,0.663993,0.548236,0.652153,0.462752,0.644546,0.413028,0.637651,0.367742,0.707472,0.549678,0.689808,0.541242,0.683466,0.603286,0.6872,0.627912,0.746117,0.568242,0.728256,0.56952,0.716096,0.625422,0.716066,0.642808,0.782426,0.59659,0.761499,0.595681,0.74391,0.63595,0.739746,0.650411,0
0.726871,0.761694,0.678811,0.732073,0.638597,0.668053,0.659577,0.61825,0.707532,0.609339,0.672627,0.556733,0.662334,0.470205,0.656686,0.419918,0.651505,0.373118,0.71582,0.556797,0.694974,0.549446,0.690322,0.616102,0.697287,0.642536,0.754218,0.575246,0.736028,0.57946,0.724135,0.636311,0.726792,0.65362,0.790609,0.604615,0.770682,0.606929,0.75246,0.646291,0.750208,0.659394,0
0.72681,0.762456,0.678876,0.731672,0.638559,0.668037,0.658813,0.619521,0.705065,0.608433,0.670548,0.560874,0.660825,0.475852,0.65653,0.426206,0.653497,0.380685,0.714465,0.561154,0.693538,0.552173,0.688224,0.612143,0.694161,0.638883,0.753592,0.579629,0.735066,0.578044,0.722068,0.632246,0.722364,0.653041,0.790892,0.608632,0.772351,0.59685,0.752985,0.636493,0.747341,0.656695,0
0.733576,0.760297,0.68632,0.731718,0.645959,0.668314,0.666647,0.620648,0.712568,0.60999,0.677102,0.553579,0.666541,0.469486,0.662039,0.419321,0.658612,0.373803,0.721208,0.554065,0.702685,0.549797,0.69744,0.612881,0.70277,0.639289,0.76066,0.574186,0.743068,0.578455,0.730036,0.634276,0.731176,0.652517,0.797734,0.605163,0.780024,0.601193,0.761238,0.64115,0.757441,0.658184,0
0.735871,0.761158,0.688359,0.729705,0.648354,0.667251,0.668433,0.618164,0.714964,0.606387,0.680134,0.558524,0.669902,0.473761,0.665797,0.424234,0.663297,0.378599,0.723602,0.559442,0.701692,0.546393,0.697383,0.606669,0.704223,0.6348,0.762964,0.578488,0.742437,0.57552,0.730417,0.631061,0.731594,0.653421,0.800671,0.608206,0.780375,0.599495,0.761316,0.638937,0.756267,0.659141,0
0.737586,0.75974,0.68931,0.730536,0.648851,0.663722,0.671516,0.615584,0.717851,0.605382,0.67912,0.558711,0.669019,0.472762,0.665324,0.423308,0.662733,0.377476,0.723394,0.558915,0.703249,0.54584,0.701044,0.609449,0.708712,0.638203,0.76323,0.576887,0.742636,0.575439,0.731983,0.634295,0.734015,0.65592,0.801228,0.605477,0.782176,0.593427,0.763739,0.63607,0.758708,0.657397,0
0.73447,0.759083,0.687867,0.728918,0.648435,0.662808,0.670687,0.614141,0.716338,0.602983,0.679289,0.557852,0.668585,0.473418,0.66499,0.423505,0.662549,0.377588,0.723448,0.558283,0.702019,0.545274,0.698917,0.608319,0.706217,0.637957,0.762974,0.576628,0.742201,0.573121,0.730622,0.631658,0.732201,0.654802,0.800424,0.605969,0.781711,0.591988,0.762349,0.634721,0.757086,0.65727,0
0.735464,0.759102,0.687892,0.728855,0.648126,0.66701,0.666646,0.618444,0.712263,0.607256,0.677381,0.557479,0.666705,0.479683,0.661535,0.434373,0.658761,0.392176,0.720456,0.556791,0.700869,0.551248,0.696677,0.607684,0.702821,0.632327,0.75896,0.575236,0.739106,0.578152,0.728079,0.630764,0.72991,0.649565,0.795187,0.604439,0.776171,0.595676,0.75916,0.635615,0.755413,0.656314,0
0.732448,0.757544,0.686307,0.729081,0.646378,0.666226,0.66369,0.618654,0.706372,0.606173,0.67284,0.55676,0.662199,0.479443,0.657238,0.432595,0.655028,0.389441,0.71521,0.554224,0.696706,0.551164,0.692793,0.608004,0.698614,0.629614,0.753534,0.571545,0.732957,0.582723,0.723706,0.63515,0.72673,0.648371,0.789977,0.599901,0.769019,0.602691,0.753664,0.642487,0.751484,0.656574,0
0.730064,0.755105,0.684098,0.727241,0.644358,0.664773,0.662829,0.618043,0.707276,0.606793,0.671878,0.557507,0.661882,0.478261,0.658047,0.431513,0.656684,0.388693,0.713637,0.556628,0.695787,0.551743,0.69267,0.612207,0.699642,0.636821,0.751601,0.573684,0.733941,0.575644,0.723457,0.631404,0.725494,0.649,0.788201,0.601217,0.769602,0.594843,0.752711,0.634764,0.749226,0.651176,0
0.728374,0.752778,0.682965,0.725792,0.643655,0.664668,0.661779,0.616965,0.705338,0.604715,0.670361,0.558078,0.660339,0.477393,0.656478,0.430617,0.654662,0.388447,0.711963,0.558711,0.695274,0.550286,0.69185,0.608616,0.697597,0.63458,0.749788,0.576042,0.733757,0.573337,0.722933,0.62731,0.72349,0.646904,0.786158,0.60349,0.769447,0.592212,0.752384,0.630835,0.747761,0.649149,0
0.734096,0.74357,0.688354,0.718344,0.649412,0.660421,0.664991,0.610099,0.708047,0.59156,0.672718,0.555353,0.662764,0.47268,0.658799,0.425057,0.657083,0.381476,0.712817,0.555191,0.697738,0.543296,0.696098,0.602952,0.701901,0.627937,0.749798,0.569572,0.734077,0.569685,0.725571,0.624169,0.727475,0.6393,0.786892,0.592772,0.769415,0.589034,0.753734,0.628351,0.74954,0.642551,0
0.729881,0.733005,0.685213,0.707423,0.645221,0.647024,0.661084,0.598236,0.704768,0.586451,0.670306,0.543255,0.660709,0.463572,0.653298,0.417443,0.648695,0.375548,0.70994,0.542638,0.693963,0.534682,0.69169,0.590976,0.69784,0.614144,0.746529,0.558003,0.728703,0.564925,0.720559,0.614279,0.723072,0.626355,0.782352,0.582554,0.762179,0.582173,0.748439,0.618404,0.747116,0.630854,0
0.727779,0.728531,0.683357,0.704734,0.644801,0.644972,0.661736,0.595414,0.703776,0.580675,0.669192,0.53877,0.659672,0.464347,0.653055,0.418989,0.647527,0.37904,0.710177,0.537338,0.694315,0.535195,0.691961,0.594164,0.697651,0.61983,0.746672,0.553041,0.729194,0.557003,0.719354,0.611456,0.720817,0.629118,0.781108,0.579089,0.763373,0.57498,0.747078,0.614652,0.743773,0.631002,0
0.724748,0.722736,0.681931,0.699557,0.642939,0.640651,0.658376,0.590671,0.70149,0.576393,0.667359,0.534682,0.658843,0.46131,0.652338,0.416956,0.647659,0.377617,0.707679,0.533523,0.688706,0.5274,0.685998,0.585657,0.692477,0.610099,0.743712,0.549478,0.72336,0.556443,0.714798,0.608937,0.718197,0.622084,0.777802,0.575473,0.757892,0.573932,0.743435,0.612782,0.742624,0.62652,0
0.723036,0.723414,0.681193,0.698113,0.64534,0.640156,0.661239,0.591983,0.701415,0.575802,0.669651,0.54318,0.660786,0.464354,0.655535,0.419373,0.650922,0.379062,0.708131,0.546782,0.695393,0.531044,0.692895,0.588044,0.697127,0.614568,0.743058,0.562085,0.730268,0.548426,0.721002,0.60248,0.720862,0.62423,0.776959,0.58511,0.763045,0.565627,0.746897,0.60589,0.740996,0.627395,0
0.723181,0.721985,0.680919,0.696148,0.645356,0.638057,0.661329,0.590916,0.701981,0.576346,0.669752,0.539412,0.661097,0.464749,0.656306,0.419772,0.652756,0.380407,0.708332,0.541309,0.694659,0.530096,0.691787,0.585561,0.69593,0.612495,0.743382,0.556948,0.72869,0.551534,0.719402,0.602946,0.719521,0.623088,0.777032,0.581615,0.761421,0.569116,0.745802,0.606467,0.741061,0.62496,0
0.722584,0.721884,0.68083,0.695811,0.646647,0.637828,0.66271,0.591127,0.702119,0.575108,0.670259,0.540186,0.662489,0.464045,0.658429,0.418669,0.655937,0.378783,0.708335,0.543767,0.695684,0.527543,0.692164,0.584316,0.695968,0.612941,0.743052,0.559762,0.729255,0.549153,0.719862,0.602095,0.720174,0.623271,0.776676,0.58432,0.761229,0.566786,0.746565,0.606036,0.742988,0.625948,0
0.72292,0.721809,0.681394,0.698411,0.645454,0.639491,0.662142,0.590505,0.702554,0.574663,0.668336,0.540109,0.660353,0.464776,0.657001,0.419299,0.654764,0.379357,0.707721,0.541368,0.695219,0.530535,0.693827,0.588088,0.69845,0.61597,0.743214,0.556157,0.728457,0.551508,0.720365,0.604878,0.721419,0.625346,0.776941,0.580189,0.760699,0.568081,0.746503,0.60735,0.743499,0.626051,0
0.724636,0.716074,0.683216,0.694295,0.646428,0.636689,0.662144,0.588287,0.702848,0.572869,0.66825,0.535164,0.660355,0.461157,0.65589,0.41651,0.652518,0.377131,0.707772,0.53484,0.690903,0.527116,0.689684,0.585908,0.696112,0.610975,0.743099,0.549516,0.725751,0.549517,0.717857,0.603123,0.720391,0.61965,0.776534,0.573953,0.759067,0.566883,0.744589,0.606617,0.742347,0.622285,0
0.723893,0.717196,0.682514,0.693298,0.645752,0.634883,0.661497,0.586642,0.702107,0.573175,0.670508,0.537622,0.661776,0.462195,0.656404,0.417578,0.652037,0.378164,0.708689,0.541108,0.696549,0.525943,0.694004,0.583295,0.698108,0.611616,0.743297,0.556986,0.730551,0.544781,0.721202,0.598205,0.721136,0.620589,0.776524,0.581398,0.762156,0.563143,0.746845,0.601942,0.742408,0.622791,0
0.722632,0.717445,0.68144,0.692911,0.646604,0.635158,0.662567,0.587788,0.701699,0.571941,0.670758,0.538949,0.66252,0.462494,0.656978,0.418275,0.652877,0.379393,0.708571,0.544105,0.696836,0.524219,0.692909,0.580339,0.696685,0.60901,0.742735,0.560855,0.730518,0.544865,0.720748,0.597144,0.720997,0.619135,0.775913,0.585669,0.762158,0.564026,0.746707,0.602127,0.742429,0.622692,0
0.722881,0.717183,0.680727,0.693958,0.644451,0.636037,0.661208,0.588187,0.701454,0.573556,0.667617,0.538997,0.659006,0.463868,0.655655,0.419166,0.653399,0.379415,0.706879,0.541111,0.694618,0.527553,0.693209,0.585105,0.697838,0.614457,0.742239,0.556251,0.729202,0.546451,0.720443,0.59934,0.720617,0.62254,0.775942,0.580457,0.762296,0.562993,0.746893,0.601362,0.742075,0.622656,0
0.722919,0.718594,0.679164,0.694724,0.643184,0.638971,0.659339,0.593333,0.696526,0.575337,0.662652,0.539782,0.654608,0.46841,0.650776,0.424974,0.648288,0.386465,0.702028,0.538051,0.689437,0.533697,0.688511,0.585535,0.693758,0.608354,0.737671,0.552129,0.722862,0.552809,0.715295,0.600551,0.71662,0.61573,0.771844,0.575384,0.755267,0.569837,0.741712,0.606525,0.738803,0.621834,0
0.721069,0.71485,0.679876,0.692946,0.643438,0.637695,0.658408,0.588416,0.698583,0.571357,0.663909,0.538656,0.655951,0.463479,0.652662,0.417792,0.650782,0.377307,0.702556,0.539561,0.690068,0.528112,0.688613,0.584947,0.693954,0.611443,0.737489,0.553857,0.724176,0.548986,0.716288,0.601172,0.717671,0.620094,0.771313,0.576575,0.757703,0.563538,0.743098,0.602048,0.73921,0.620263,0
0.72139,0.718122,0.679487,0.692168,0.646143,0.637933,0.66134,0.592248,0.699785,0.576011,0.667776,0.546647,0.65833,0.467238,0.654783,0.421243,0.652207,0.381531,0.704984,0.551295,0.693379,0.532041,0.691536,0.586967,0.696101,0.614907,0.739186,0.56582,0.727302,0.545869,0.719646,0.596743,0.720545,0.620486,0.773332,0.586811,0.760159,0.563138,0.744971,0.599489,0.739568,0.621263,0
0.726634,0.715949,0.685526,0.692443,0.652111,0.637208,0.668765,0.591031,0.707548,0.575125,0.674399,0.538777,0.664594,0.465538,0.661398,0.419091,0.660127,0.378681,0.711911,0.542762,0.701382,0.528793,0.697435,0.58567,0.700649,0.615219,0.746023,0.558462,0.735145,0.546723,0.724337,0.599302,0.723778,0.62297,0.778508,0.582727,0.766484,0.563361,0.749555,0.600821,0.744319,0.62172,0
0.729572,0.717891,0.688071,0.691083,0.654783,0.633257,0.675072,0.589402,0.715518,0.57879,0.680755,0.536972,0.672262,0.466065,0.670443,0.420035,0.669842,0.379686,0.719588,0.54177,0.707972,0.527292,0.703319,0.582951,0.706285,0.613715,0.75372,0.559675,0.741596,0.549279,0.730021,0.59989,0.729691,0.625441,0.78519,0.586958,0.772722,0.568481,0.755104,0.603408,0.749948,0.624875,0
0.728121,0.719896,0.686435,0.693186,0.653362,0.632388,0.672159,0.588167,0.710051,0.580023,0.679186,0.541055,0.672011,0.468015,0.66971,0.423225,0.669839,0.383034,0.717219,0.544582,0.706036,0.524267,0.701922,0.574996,0.705863,0.603091,0.750383,0.561788,0.735577,0.553967,0.724519,0.601404,0.724599,0.622152,0.781098,0.58871,0.765207,0.577423,0.749293,0.611601,0.745136,0.630182,0
0.727194,0.71869,0.686232,0.694273,0.653807,0.635842,0.672169,0.590198,0.710471,0.579841,0.678666,0.544427,0.672764,0.469184,0.671569,0.422973,0.672435,0.381394,0.715972,0.549236,0.705359,0.532849,0.701623,0.58691,0.705926,0.614185,0.748959,0.56582,0.737626,0.553075,0.726728,0.602781,0.72673,0.624394,0.780066,0.590745,0.767487,0.573298,0.751336,0.608279,0.746774,0.627371,0
0.72481,0.724778,0.685855,0.69859,0.653574,0.639468,0.671863,0.595329,0.709986,0.586195,0.680497,0.55049,0.672869,0.474607,0.671138,0.42943,0.671837,0.388697,0.717022,0.556678,0.706033,0.538821,0.702148,0.593711,0.707061,0.619738,0.749647,0.573712,0.738285,0.559474,0.72712,0.609978,0.727598,0.630203,0.780301,0.598717,0.766513,0.580934,0.751034,0.617368,0.748258,0.635377,0
0.720694,0.729304,0.680972,0.703229,0.649778,0.641109,0.668733,0.594462,0.706635,0.589278,0.677694,0.551914,0.670485,0.480331,0.669285,0.435477,0.670189,0.395462,0.715689,0.55729,0.700137,0.540234,0.696525,0.597424,0.702315,0.627526,0.748589,0.574999,0.734439,0.561563,0.722191,0.613214,0.723012,0.638144,0.779059,0.602498,0.767334,0.582584,0.749861,0.617419,0.746029,0.638604,0
0.712023,0.74413,0.673955,0.715145,0.643161,0.661203,0.65589,0.617809,0.691549,0.60687,0.671906,0.568549,0.662681,0.494257,0.659781,0.451123,0.659398,0.411972,0.707621,0.572953,0.69168,0.560178,0.687657,0.614657,0.692882,0.641175,0.739981,0.590209,0.722741,0.586903,0.713015,0.635607,0.715263,0.654776,0.771148,0.615795,0.754159,0.605997,0.738807,0.639769,0.736336,0.655577,0
0.71331,0.744045,0.675037,0.717216,0.643624,0.659539,0.659182,0.61257,0.69533,0.601141,0.669274,0.569411,0.661411,0.49565,0.659292,0.450818,0.659775,0.410038,0.706401,0.571591,0.689682,0.55601,0.686304,0.611184,0.692515,0.638258,0.739579,0.586999,0.721041,0.582742,0.711706,0.632634,0.715276,0.651531,0.770723,0.611417,0.751653,0.601329,0.737401,0.637414,0.737485,0.654419,0
0.715422,0.73902,0.676982,0.711451,0.644929,0.655586,0.658902,0.610539,0.695991,0.59886,0.670624,0.56292,0.664404,0.490035,0.662422,0.445157,0.663118,0.404223,0.707256,0.564407,0.690794,0.554448,0.686724,0.606878,0.691764,0.630504,0.740487,0.580153,0.721165,0.58481,0.712312,0.63151,0.715303,0.645679,0.772449,0.60466,0.752263,0.602134,0.738732,0.635839,0.738147,0.649302,0
0.71405,0.738784,0.67573,0.712178,0.643728,0.65414,0.658989,0.608466,0.694964,0.598181,0.669731,0.563793,0.663073,0.491509,0.661457,0.447053,0.662067,0.407068,0.706902,0.565449,0.689496,0.555983,0.686314,0.609212,0.692972,0.6337,0.740105,0.580878,0.720415,0.581913,0.711408,0.63027,0.715303,0.646537,0.771398,0.604763,0.751419,0.599802,0.737745,0.63466,0.738587,0.649242,0
0.712148,0.742363,0.673427,0.714657,0.641873,0.655567,0.658507,0.611473,0.695521,0.604033,0.670741,0.569859,0.66315,0.497081,0.660783,0.453075,0.660576,0.41387,0.707271,0.572429,0.691935,0.561574,0.689343,0.612778,0.695582,0.637883,0.739789,0.588107,0.722177,0.586386,0.713119,0.63358,0.716081,0.652127,0.770246,0.61219,0.752036,0.603911,0.737314,0.638322,0.736209,0.655408,0
0.713971,0.741934,0.676311,0.71518,0.645483,0.658888,0.660869,0.612363,0.696841,0.598348,0.670291,0.569524,0.663706,0.496247,0.66248,0.451282,0.663317,0.410696,0.706821,0.571093,0.69095,0.556127,0.687432,0.609274,0.692042,0.636697,0.739727,0.585708,0.720981,0.586182,0.712296,0.634593,0.714708,0.65302,0.770975,0.609276,0.750969,0.604684,0.736995,0.639561,0.73549,0.655285,0
0.715707,0.740545,0.677251,0.71571,0.644871,0.657521,0.661391,0.610272,0.699377,0.599374,0.672123,0.569071,0.664741,0.496114,0.663046,0.451068,0.663762,0.410532,0.709333,0.571167,0.694638,0.558932,0.692131,0.61126,0.69773,0.6364,0.741946,0.586277,0.72395,0.585481,0.715003,0.633714,0.717819,0.65129,0.772297,0.610212,0.753277,0.604271,0.739549,0.639196,0.739216,0.654811,0
0.729679,0.73701,0.69054,0.70502,0.660378,0.648165,0.678101,0.606853,0.716114,0.596062,0.686715,0.559057,0.67798,0.487761,0.67501,0.445086,0.674391,0.40721,0.722,0.566957,0.711812,0.545054,0.708037,0.594548,0.711807,0.623675,0.753379,0.585252,0.742407,0.572796,0.731753,0.621318,0.731702,0.644238,0.783666,0.61107,0.771956,0.592577,0.757996,0.624435,0.755205,0.641555,0
0.744848,0.731856,0.70478,0.705392,0.67414,0.647199,0.692887,0.600067,0.733736,0.589174,0.701749,0.555424,0.696606,0.481289,0.694037,0.437552,0.693149,0.399295,0.73751,0.560387,0.724825,0.543666,0.721317,0.596018,0.727413,0.621938,0.769443,0.576449,0.757365,0.56675,0.746873,0.615757,0.749121,0.634026,0.800536,0.600686,0.78707,0.587154,0.771769,0.621405,0.770047,0.637862,0
0.747027,0.731011,0.706602,0.700562,0.678227,0.64144,0.698992,0.595726,0.739082,0.586154,0.706611,0.553926,0.703684,0.480922,0.701257,0.434943,0.699099,0.39462,0.742769,0.559646,0.729532,0.540108,0.723262,0.594103,0.72639,0.62422,0.77447,0.576675,0.760376,0.563255,0.74865,0.614458,0.749165,0.638853,0.804359,0.602783,0.788676,0.585851,0.77253,0.620799,0.769688,0.640664,0
0.754233,0.73469,0.715025,0.706233,0.687252,0.645991,0.708141,0.595747,0.749614,0.58635,0.716858,0.55338,0.714055,0.484926,0.712405,0.439485,0.710696,0.399835,0.754181,0.557524,0.738025,0.543687,0.731893,0.598916,0.736151,0.628818,0.785484,0.575398,0.769935,0.570673,0.756388,0.619008,0.758038,0.642036,0.814262,0.603735,0.802328,0.590541,0.782659,0.622639,0.778153,0.642386,0
0.753152,0.736071,0.713643,0.705932,0.686321,0.643103,0.709352,0.594784,0.750952,0.588699,0.718214,0.55062,0.716082,0.485936,0.714098,0.442457,0.712187,0.40469,0.757114,0.555156,0.740947,0.53895,0.733023,0.59504,0.735207,0.62819,0.788696,0.573846,0.772274,0.567126,0.757209,0.617753,0.757677,0.644403,0.816772,0.60435,0.804072,0.58981,0.78348,0.622733,0.778443,0.644348,0
0.753951,0.736802,0.715361,0.708801,0.687866,0.646624,0.710078,0.59864,0.751399,0.590822,0.719211,0.557881,0.717787,0.490044,0.717306,0.445109,0.716581,0.406025,0.757996,0.56131,0.741931,0.549654,0.735043,0.606062,0.738558,0.634297,0.789527,0.578626,0.772797,0.575455,0.759237,0.626198,0.760738,0.64779,0.817381,0.606777,0.803045,0.595767,0.785518,0.630862,0.783517,0.649526,0
0.74839,0.754219,0.713163,0.721013,0.688689,0.656956,0.712119,0.611286,0.751093,0.604883,0.723196,0.572351,0.723094,0.503981,0.722649,0.46063,0.722391,0.423119,0.759543,0.581562,0.747043,0.562628,0.73737,0.619997,0.739398,0.650173,0.790541,0.602456,0.77732,0.589334,0.762016,0.64072,0.762488,0.663568,0.818658,0.632134,0.806938,0.61171,0.787969,0.647004,0.785142,0.666229,0
0.751338,0.75498,0.713366,0.723778,0.688511,0.657171,0.713361,0.609442,0.754323,0.605593,0.72254,0.569878,0.721122,0.504731,0.7211,0.460801,0.723011,0.422668,0.761685,0.578213,0.748833,0.556326,0.737185,0.616421,0.738685,0.647823,0.792551,0.599361,0.77955,0.586981,0.759975,0.639561,0.759507,0.664292,0.819453,0.631885,0.810139,0.611279,0.788508,0.645341,0.784224,0.666079,0
0.74836,0.760466,0.711226,0.726532,0.687385,0.661895,0.708755,0.616226,0.746721,0.610044,0.720735,0.576912,0.719497,0.507047,0.719288,0.462854,0.720998,0.424519,0.757303,0.585453,0.746335,0.566005,0.735534,0.619413,0.73709,0.648709,0.788404,0.606607,0.775706,0.596233,0.758778,0.644048,0.758214,0.665051,0.815881,0.637426,0.80479,0.619844,0.785521,0.652098,0.781858,0.670298,0
0.749407,0.759116,0.711852,0.724559,0.686568,0.660616,0.706439,0.614025,0.745144,0.605212,0.721561,0.575941,0.721688,0.503796,0.720397,0.460144,0.72141,0.421409,0.757079,0.587096,0.750003,0.559542,0.73853,0.60947,0.738238,0.638165,0.787533,0.609052,0.778424,0.592434,0.760117,0.639134,0.757109,0.659993,0.815402,0.639435,0.806001,0.615768,0.786299,0.647687,0.780679,0.667302,0
0.759172,0.758365,0.721484,0.724301,0.697183,0.662227,0.716894,0.614236,0.757704,0.605729,0.728432,0.572352,0.726675,0.505665,0.727534,0.461723,0.729624,0.422935,0.766184,0.581035,0.753839,0.56415,0.745936,0.618981,0.747905,0.647254,0.797434,0.602731,0.785244,0.597045,0.768841,0.643971,0.768088,0.665921,0.826038,0.63493,0.819387,0.618249,0.798431,0.647763,0.791059,0.666081,0
0.765595,0.755577,0.727831,0.722418,0.703233,0.66004,0.72639,0.613249,0.769875,0.605336,0.732329,0.569621,0.731941,0.502887,0.734326,0.459755,0.738707,0.420459,0.771994,0.578333,0.761817,0.563358,0.7525,0.622347,0.75477,0.65026,0.804322,0.601273,0.794228,0.595339,0.776328,0.64494,0.776211,0.666131,0.833502,0.634827,0.82882,0.616466,0.806707,0.648914,0.800058,0.667771,0
0.769315,0.756217,0.730719,0.722764,0.705832,0.658666,0.728502,0.611344,0.770761,0.603971,0.7347,0.574692,0.734364,0.505127,0.736117,0.460891,0.741138,0.42015,0.77361,0.584085,0.764558,0.560763,0.753825,0.617266,0.756985,0.646432,0.806059,0.606559,0.797466,0.592725,0.778799,0.641436,0.778615,0.663631,0.834843,0.638832,0.83101,0.614512,0.809056,0.646379,0.802943,0.666983,0
0.76913,0.753502,0.73265,0.721489,0.709071,0.657883,0.732314,0.611962,0.77454,0.603825,0.740981,0.567847,0.740201,0.500796,0.742012,0.456565,0.746896,0.4166,0.779947,0.577116,0.770467,0.561799,0.758675,0.619101,0.76083,0.647056,0.811857,0.600785,0.801683,0.593416,0.782479,0.642028,0.782048,0.662521,0.839493,0.634542,0.832881,0.61759,0.811063,0.649454,0.805912,0.667082,0
0.769031,0.753999,0.732535,0.720889,0.708853,0.656678,0.732474,0.611035,0.772992,0.604327,0.740587,0.569771,0.740403,0.500669,0.742713,0.456846,0.748129,0.417125,0.779277,0.579962,0.769606,0.559018,0.757037,0.614923,0.758525,0.645163,0.811184,0.603796,0.801416,0.590109,0.781932,0.638404,0.780386,0.661631,0.838668,0.637391,0.832262,0.615226,0.810271,0.646447,0.803989,0.666674,0
0.769328,0.756065,0.731982,0.720658,0.708232,0.657171,0.731241,0.612778,0.770933,0.604007,0.738174,0.572996,0.73844,0.502094,0.741373,0.458242,0.74739,0.418189,0.776012,0.582702,0.769902,0.563248,0.757631,0.616776,0.75835,0.644506,0.807902,0.605773,0.801752,0.592878,0.782386,0.639345,0.779784,0.660077,0.835862,0.638053,0.83081,0.617062,0.809173,0.648661,0.802108,0.667733,0
0.766335,0.755698,0.730147,0.723154,0.706143,0.658247,0.730767,0.612077,0.772903,0.604479,0.737481,0.573197,0.737164,0.50361,0.739595,0.458483,0.744537,0.417178,0.777019,0.581195,0.765577,0.563071,0.753233,0.619539,0.755735,0.647202,0.808948,0.604196,0.79847,0.594153,0.778735,0.641893,0.778181,0.66322,0.836332,0.637257,0.831172,0.616857,0.808207,0.648511,0.801873,0.668492,0
0.768352,0.759733,0.731898,0.724538,0.707866,0.662139,0.730316,0.616903,0.769665,0.606734,0.736692,0.579938,0.735905,0.507009,0.738069,0.462703,0.742998,0.422657,0.774156,0.590472,0.767534,0.563835,0.756156,0.618592,0.757369,0.649846,0.806255,0.613361,0.800956,0.592223,0.78225,0.639747,0.779557,0.664141,0.834945,0.645432,0.831841,0.618137,0.810524,0.649227,0.803047,0.670525,0
0.702393,0.883483,0.648193,0.857503,0.604151,0.817647,0.57575,0.785147,0.597388,0.775286,0.646209,0.675982,0.596358,0.680506,0.59543,0.737825,0.608581,0.756989,0.680199,0.681347,0.625885,0.715151,0.628685,0.778641,0.644053,0.780684,0.710775,0.707008,0.658189,0.752231,0.659681,0.80334,0.675803,0.799157,0.734996,0.744789,0.692089,0.784614,0.690648,0.817632,0.704971,0.815224,1
0.703469,0.877498,0.650022,0.852074,0.606887,0.814184,0.579065,0.782297,0.598618,0.77174,0.648661,0.674533,0.598838,0.675669,0.595302,0.730358,0.606746,0.752766,0.681506,0.679034,0.626924,0.711104,0.628918,0.775284,0.644168,0.777673,0.711921,0.70354,0.659733,0.747055,0.660901,0.799285,0.676915,0.795981,0.736249,0.74065,0.694399,0.778802,0.692447,0.812476,0.706721,0.810391,1
0.699005,0.861693,0.646331,0.837547,0.602714,0.797809,0.574438,0.764953,0.595824,0.751212,0.644909,0.660679,0.597691,0.658325,0.595975,0.717247,0.60715,0.740137,0.677898,0.663528,0.62653,0.6932,0.628377,0.759184,0.64232,0.76464,0.708303,0.686647,0.65872,0.729325,0.659319,0.782893,0.674148,0.780933,0.733222,0.721863,0.692995,0.760662,0.690414,0.79512,0.70324,0.793478,1
0.701339,0.860389,0.648846,0.836372,0.604648,0.797853,0.578046,0.764455,0.598807,0.750562,0.647702,0.656983,0.59742,0.655906,0.594548,0.712951,0.606363,0.734453,0.680118,0.660345,0.626084,0.69088,0.62836,0.754426,0.643042,0.757822,0.709586,0.683464,0.657058,0.726126,0.65876,0.778318,0.674257,0.775359,0.732768,0.719555,0.689747,0.76014,0.688936,0.793482,0.703112,0.790502,1
0.695014,0.85566,0.644825,0.831431,0.602154,0.791653,0.575358,0.758191,0.592679,0.740626,0.644523,0.651325,0.594961,0.648289,0.590691,0.705505,0.601719,0.730166,0.6767,0.652562,0.622368,0.684401,0.624774,0.750558,0.639875,0.756091,0.706427,0.67388,0.653934,0.716417,0.656126,0.770562,0.672113,0.770135,0.73019,0.708033,0.687861,0.747145,0.685169,0.782647,0.698206,0.782799,1
0.696311,0.853748,0.644896,0.828841,0.602137,0.790417,0.576948,0.757186,0.595247,0.740822,0.645588,0.6477,0.595222,0.646063,0.59048,0.702786,0.601674,0.726829,0.677962,0.650307,0.623369,0.683303,0.624475,0.748621,0.639175,0.754989,0.707319,0.67295,0.653951,0.716497,0.654836,0.769979,0.670308,0.769875,0.730613,0.708437,0.687298,0.746941,0.68432,0.781871,0.697287,0.782526,1
0.699848,0.850111,0.647931,0.825609,0.603071,0.785644,0.578286,0.749009,0.601241,0.734554,0.644614,0.652243,0.599079,0.646163,0.596928,0.705916,0.609459,0.727313,0.678166,0.652175,0.628401,0.677105,0.629234,0.744796,0.643685,0.748599,0.708823,0.671192,0.659957,0.707361,0.659708,0.76296,0.675337,0.761417,0.734187,0.702249,0.69391,0.734009,0.689921,0.769907,0.70246,0.770694,1
0.693976,0.844349,0.64455,0.820687,0.601824,0.782446,0.578356,0.746445,0.601108,0.730406,0.642864,0.649558,0.598616,0.642434,0.59663,0.701297,0.608958,0.724338,0.676817,0.649392,0.628429,0.673389,0.630091,0.740271,0.644704,0.743814,0.707833,0.667842,0.659869,0.70367,0.66056,0.758656,0.6764,0.756649,0.733965,0.698107,0.693901,0.729432,0.690404,0.765169,0.703107,0.765731,1
0.69239,0.828099,0.643929,0.805535,0.602603,0.767652,0.577953,0.733853,0.59737,0.713349,0.640006,0.641213,0.599603,0.626907,0.595365,0.6819,0.604106,0.709794,0.672697,0.63869,0.626391,0.658846,0.627219,0.725245,0.640336,0.733462,0.703506,0.654034,0.656301,0.683044,0.657014,0.739134,0.671452,0.740986,0.729739,0.681879,0.689716,0.710547,0.687333,0.746975,0.699889,0.748519,1
0.694211,0.824572,0.646054,0.802601,0.603576,0.765118,0.579046,0.729928,0.598873,0.70891,0.638166,0.638282,0.596776,0.625064,0.594923,0.682051,0.606474,0.706141,0.670375,0.635407,0.625073,0.653854,0.627493,0.720617,0.641125,0.725546,0.701299,0.649883,0.656281,0.680136,0.65811,0.736007,0.673072,0.735342,0.728275,0.676654,0.690876,0.705332,0.688841,0.74018,0.70122,0.739758,1
0.687319,0.804722,0.637667,0.782325,0.595291,0.74547,0.570074,0.712046,0.587561,0.684701,0.629645,0.616061,0.587205,0.610786,0.587985,0.667557,0.600159,0.690142,0.661883,0.613256,0.616365,0.634147,0.618198,0.69893,0.63157,0.708014,0.692442,0.62835,0.648783,0.654343,0.647266,0.709926,0.66097,0.714564,0.719532,0.654884,0.683046,0.676616,0.675194,0.712672,0.684367,0.719256,1
0.682017,0.800556,0.634265,0.778292,0.591746,0.741227,0.567497,0.707152,0.585231,0.679738,0.627794,0.61441,0.585896,0.606928,0.585482,0.663256,0.597224,0.684262,0.65964,0.611272,0.614362,0.628313,0.615107,0.694397,0.628329,0.702823,0.690015,0.625075,0.645495,0.646149,0.643655,0.703957,0.657472,0.709071,0.717455,0.650532,0.679844,0.668889,0.672576,0.707104,0.682174,0.714501,1
0.679382,0.776198,0.632206,0.754993,0.589,0.715407,0.567687,0.678854,0.577547,0.64513,0.612595,0.616181,0.588017,0.577762,0.586971,0.625584,0.595605,0.65449,0.642668,0.612657,0.616101,0.589915,0.615938,0.650883,0.627428,0.666291,0.674531,0.618279,0.651633,0.602507,0.649021,0.658053,0.660072,0.66824,0.708545,0.632285,0.688383,0.618525,0.678932,0.657924,0.684738,0.668491,1
0.681967,0.769456,0.634368,0.752277,0.588813,0.71127,0.565428,0.670277,0.576157,0.63004,0.61431,0.607135,0.590789,0.567074,0.588961,0.611449,0.598288,0.641144,0.645311,0.603553,0.620178,0.578537,0.619725,0.639837,0.630409,0.659943,0.677291,0.609651,0.65352,0.5881,0.650946,0.646686,0.660669,0.664563,0.711779,0.624282,0.686414,0.609003,0.678114,0.651426,0.684139,0.667942,1
0.686261,0.75678,0.630278,0.743313,0.586117,0.697891,0.557688,0.657095,0.530982,0.62542,0.621636,0.58484,0.607317,0.528437,0.596662,0.492339,0.585888,0.463207,0.655827,0.573674,0.64579,0.511136,0.637256,0.475727,0.62803,0.447638,0.689897,0.577805,0.685435,0.519125,0.68021,0.483278,0.673558,0.452144,0.724546,0.597189,0.7273,0.546298,0.724052,0.514074,0.717948,0.485084,1
0.688476,0.75959,0.632381,0.741674,0.588029,0.697112,0.556559,0.658677,0.525391,0.633788,0.628185,0.580604,0.613628,0.51261,0.603748,0.472873,0.593952,0.437921,0.663763,0.568758,0.656778,0.492032,0.651471,0.445767,0.645092,0.404361,0.69898,0.575811,0.704273,0.501787,0.707299,0.451513,0.708174,0.406778,0.731949,0.598633,0.738811,0.537701,0.741016,0.497666,0.741896,0.460042,1
0.691178,0.752375,0.631056,0.732675,0.584979,0.687965,0.549402,0.649676,0.514188,0.632026,0.629468,0.566421,0.614498,0.494521,0.6062,0.449632,0.598968,0.410518,0.667176,0.553816,0.657843,0.470843,0.649846,0.420684,0.641549,0.377896,0.705595,0.563298,0.71789,0.488402,0.723705,0.438845,0.726406,0.395073,0.741561,0.591943,0.766867,0.536811,0.78001,0.49928,0.788884,0.46291,1
0.688045,0.743701,0.62975,0.72454,0.581037,0.680541,0.54427,0.642963,0.508461,0.626399,0.623281,0.555984,0.607258,0.481679,0.598701,0.436412,0.59214,0.397072,0.661084,0.54439,0.647825,0.461213,0.639176,0.412527,0.630649,0.369885,0.699139,0.552413,0.70644,0.471483,0.709043,0.418429,0.708578,0.370839,0.737033,0.578858,0.761786,0.523862,0.774546,0.486471,0.782054,0.451119,1
0.689338,0.738619,0.629215,0.722181,0.579948,0.679088,0.543174,0.640852,0.507415,0.622353,0.621506,0.555404,0.604858,0.483867,0.597675,0.4388,0.593464,0.399558,0.65999,0.541003,0.647938,0.457767,0.640877,0.406507,0.6345,0.363354,0.69825,0.547289,0.705019,0.465528,0.707232,0.410849,0.70691,0.36257,0.736405,0.571779,0.761797,0.515477,0.775463,0.475364,0.783795,0.437445,1
0.689154,0.737089,0.629271,0.720138,0.578583,0.676552,0.541341,0.638896,0.505864,0.621605,0.620955,0.551322,0.603956,0.480414,0.595997,0.435279,0.590772,0.396352,0.659727,0.536973,0.649007,0.454373,0.642634,0.404348,0.636995,0.363523,0.698237,0.542143,0.70454,0.460144,0.705673,0.405121,0.70496,0.357461,0.736495,0.565083,0.760765,0.50569,0.773736,0.463122,0.782431,0.423463,1
0.684582,0.72472,0.625736,0.705983,0.574248,0.663834,0.53386,0.627856,0.496871,0.610633,0.614595,0.538939,0.595669,0.462847,0.584197,0.415763,0.575816,0.376117,0.653489,0.525665,0.640885,0.441823,0.633614,0.391791,0.628006,0.349956,0.692099,0.530939,0.696672,0.448873,0.698795,0.39545,0.699931,0.347813,0.730211,0.552606,0.753805,0.493424,0.769227,0.452912,0.781049,0.414286,1
0.681838,0.720296,0.623063,0.702655,0.5713,0.661434,0.532492,0.6258,0.497072,0.607725,0.609452,0.535203,0.588293,0.459827,0.574041,0.414099,0.563461,0.374555,0.648652,0.520819,0.632732,0.43547,0.621502,0.381271,0.612276,0.333844,0.688357,0.526134,0.69235,0.445383,0.693443,0.392634,0.692763,0.345447,0.727954,0.548015,0.751676,0.488141,0.76643,0.447359,0.777793,0.408958,1
0.682004,0.717011,0.622282,0.70173,0.569857,0.659342,0.531346,0.621692,0.495441,0.604447,0.608994,0.534377,0.58901,0.459669,0.576066,0.414456,0.565658,0.375626,0.648104,0.521095,0.633985,0.436662,0.624144,0.38399,0.615485,0.339024,0.687501,0.52683,0.69276,0.445701,0.694832,0.392393,0.695211,0.345044,0.726406,0.548437,0.751261,0.489681,0.767314,0.448909,0.780225,0.409878,1
0.677313,0.716734,0.619193,0.699585,0.566748,0.657433,0.527783,0.620806,0.491252,0.60423,0.606053,0.532148,0.586099,0.45726,0.573566,0.411733,0.564246,0.372149,0.645035,0.518877,0.629621,0.433993,0.619398,0.381195,0.610785,0.335548,0.684489,0.525113,0.690038,0.44747,0.692954,0.396212,0.693939,0.350385,0.723631,0.546883,0.747069,0.489582,0.762854,0.450531,0.775367,0.413301,1
0.677442,0.713577,0.618506,0.698412,0.56601,0.656861,0.52693,0.619481,0.490586,0.602076,0.60588,0.531953,0.58619,0.457253,0.574605,0.410993,0.566679,0.370528,0.644391,0.519096,0.629364,0.434348,0.619488,0.381126,0.611435,0.335981,0.683723,0.525564,0.690234,0.446966,0.692754,0.395736,0.693455,0.350772,0.722461,0.547458,0.745689,0.490648,0.761164,0.451847,0.773441,0.415285,1
0.675615,0.709142,0.617884,0.694326,0.564959,0.653422,0.525388,0.617118,0.489167,0.601185,0.603474,0.527895,0.581603,0.453192,0.568508,0.407727,0.559014,0.368362,0.641357,0.513905,0.623302,0.43036,0.612164,0.37851,0.603119,0.334059,0.680954,0.519457,0.685556,0.441456,0.688646,0.389674,0.690151,0.344141,0.720583,0.541546,0.743562,0.487038,0.758831,0.449261,0.771085,0.414187,1
0.672903,0.70989,0.614775,0.695419,0.564163,0.65555,0.526161,0.619143,0.489137,0.602675,0.601714,0.529257,0.58023,0.456117,0.566858,0.410746,0.557655,0.371117,0.639748,0.515715,0.622278,0.432956,0.612054,0.381215,0.604176,0.336193,0.679056,0.521137,0.683282,0.444152,0.686116,0.394805,0.687241,0.350786,0.718332,0.54223,0.740971,0.487006,0.756398,0.449474,0.769034,0.413997,1
0.670606,0.709369,0.613433,0.695486,0.562448,0.657077,0.523638,0.621616,0.486957,0.604911,0.597475,0.531386,0.574939,0.457006,0.561095,0.411078,0.552102,0.371658,0.634823,0.51615,0.616207,0.431363,0.606254,0.37799,0.599468,0.330908,0.673683,0.520708,0.677365,0.442356,0.682027,0.390192,0.685263,0.343817,0.712949,0.541418,0.735343,0.485013,0.751679,0.44661,0.764857,0.410651,1
0.671947,0.708265,0.613418,0.695338,0.56197,0.655323,0.523475,0.618255,0.486816,0.601804,0.596789,0.530845,0.574452,0.457007,0.561427,0.410829,0.552983,0.370686,0.635025,0.515783,0.617391,0.433703,0.607575,0.380785,0.600477,0.335183,0.674706,0.519393,0.677602,0.442498,0.680618,0.391182,0.682464,0.345887,0.714338,0.53825,0.736876,0.480956,0.754469,0.441372,0.769596,0.404568,1
0.66804,0.706557,0.610267,0.694315,0.55862,0.654461,0.520134,0.616735,0.483588,0.600159,0.595471,0.533136,0.572894,0.460396,0.559086,0.414616,0.550018,0.374012,0.633989,0.517977,0.617637,0.437907,0.607844,0.385493,0.600577,0.339248,0.673106,0.5215,0.676529,0.447806,0.6785,0.3969,0.67928,0.350985,0.71225,0.540059,0.737063,0.483909,0.754879,0.444535,0.769846,0.407358,1
0.668263,0.714635,0.610242,0.701915,0.56125,0.664741,0.524205,0.627665,0.486927,0.607279,0.597722,0.544212,0.576544,0.470582,0.563324,0.423096,0.554097,0.381669,0.63627,0.531547,0.621382,0.447643,0.613406,0.391891,0.607905,0.343499,0.674861,0.537835,0.67959,0.461938,0.683535,0.409354,0.685856,0.361315,0.713305,0.558826,0.737011,0.504534,0.753506,0.465969,0.767229,0.428138,1
0.668425,0.718815,0.610251,0.705462,0.561494,0.667261,0.525022,0.62949,0.489064,0.608675,0.599871,0.544994,0.578256,0.471858,0.564189,0.424445,0.553968,0.383761,0.638625,0.531265,0.625225,0.447945,0.616545,0.393302,0.609942,0.34668,0.677183,0.537387,0.683334,0.459713,0.686248,0.406377,0.687641,0.35919,0.715509,0.559702,0.739545,0.504994,0.755186,0.465961,0.767642,0.429271,1
0.667763,0.727423,0.609767,0.711444,0.562089,0.671614,0.527088,0.633375,0.490996,0.612076,0.600779,0.549974,0.580567,0.475318,0.567031,0.427932,0.556657,0.387169,0.639935,0.537196,0.626851,0.451444,0.618622,0.395856,0.612122,0.348446,0.679114,0.543998,0.686062,0.463451,0.690903,0.408411,0.693688,0.35965,0.717707,0.566748,0.740527,0.508044,0.757473,0.467532,0.771108,0.429642,1
0.668835,0.727969,0.610853,0.714316,0.562251,0.673539,0.527032,0.634384,0.491208,0.613343,0.600995,0.551232,0.579362,0.476029,0.564908,0.429081,0.553232,0.388693,0.639331,0.536959,0.62618,0.450629,0.617554,0.395734,0.609832,0.348491,0.677927,0.543444,0.685736,0.461843,0.691746,0.407279,0.69519,0.359144,0.716214,0.566822,0.74061,0.509939,0.757585,0.470672,0.770632,0.434575,1
0.668196,0.721488,0.611186,0.709181,0.561891,0.67016,0.526179,0.631125,0.490278,0.610265,0.598979,0.546616,0.576161,0.472546,0.561644,0.425318,0.551284,0.384352,0.637508,0.530845,0.622728,0.445571,0.613539,0.391118,0.606333,0.343589,0.676587,0.536847,0.68249,0.456015,0.687152,0.402526,0.690398,0.354538,0.715492,0.560344,0.739846,0.504007,0.75604,0.464719,0.768768,0.427585,1
0.667669,0.723068,0.609418,0.709056,0.560303,0.668891,0.524627,0.629902,0.488652,0.609794,0.598418,0.54771,0.576349,0.473496,0.562053,0.426154,0.551454,0.38527,0.637632,0.533095,0.62367,0.447673,0.614912,0.392584,0.607682,0.344521,0.67671,0.538905,0.682618,0.46005,0.686232,0.405771,0.68779,0.357177,0.715355,0.561064,0.738954,0.503069,0.755306,0.463032,0.767844,0.425324,1
0.666004,0.726774,0.60802,0.712767,0.559701,0.672648,0.524343,0.633643,0.488196,0.611065,0.597568,0.551684,0.57653,0.476683,0.562546,0.428149,0.552064,0.386389,0.637287,0.537576,0.624591,0.453196,0.616534,0.398077,0.609941,0.350037,0.676705,0.543599,0.684196,0.463387,0.688841,0.407843,0.691236,0.357875,0.715481,0.56579,0.740027,0.507591,0.757212,0.467152,0.77059,0.428709,1
0.667121,0.727332,0.610328,0.712466,0.561452,0.67252,0.52539,0.633329,0.489445,0.611176,0.598932,0.550335,0.576129,0.475773,0.561017,0.429392,0.549087,0.389458,0.637733,0.535227,0.624791,0.448704,0.616222,0.393795,0.608694,0.346501,0.676814,0.541261,0.684126,0.460613,0.689829,0.406487,0.693279,0.358569,0.715611,0.564498,0.740494,0.506548,0.758543,0.467191,0.772792,0.430928,1
0.672049,0.727335,0.613352,0.713807,0.565606,0.675872,0.530312,0.637283,0.49358,0.614381,0.602637,0.553842,0.57994,0.478907,0.565042,0.431662,0.553199,0.390502,0.641929,0.540078,0.628151,0.454599,0.618943,0.398946,0.610951,0.351067,0.680988,0.54627,0.688263,0.466698,0.692279,0.41156,0.693729,0.362411,0.719281,0.56829,0.743713,0.509357,0.761325,0.4691,0.77487,0.431634,1
0.671062,0.729187,0.612804,0.714895,0.564838,0.674802,0.529918,0.636033,0.493854,0.615392,0.602843,0.552539,0.5803,0.478347,0.565409,0.432014,0.553593,0.391623,0.641797,0.538623,0.628167,0.453179,0.619143,0.398356,0.610942,0.350874,0.680383,0.545546,0.688262,0.465479,0.693574,0.411058,0.695993,0.362786,0.718238,0.569203,0.742038,0.512154,0.758458,0.473368,0.770644,0.437755,1
0.674393,0.728882,0.616669,0.715003,0.569058,0.675254,0.533665,0.636485,0.497474,0.614658,0.606637,0.552011,0.585683,0.478154,0.572273,0.431973,0.56138,0.391618,0.645664,0.537103,0.633183,0.450553,0.624083,0.395369,0.615607,0.347467,0.684495,0.544255,0.693569,0.463201,0.697691,0.407867,0.698925,0.358945,0.722199,0.56914,0.746442,0.513396,0.761907,0.4742,0.773242,0.437447,1
0.674544,0.729926,0.615429,0.715995,0.567299,0.675861,0.533153,0.636446,0.497593,0.615391,0.606923,0.552889,0.584763,0.477312,0.571333,0.430073,0.561021,0.38848,0.646065,0.538218,0.632254,0.451547,0.623035,0.396318,0.614238,0.348279,0.684879,0.544872,0.694095,0.462489,0.698291,0.406775,0.698995,0.357768,0.722709,0.56864,0.745384,0.511402,0.75858,0.472337,0.767011,0.435862,1
0.674958,0.728587,0.615464,0.71338,0.56739,0.672856,0.532109,0.634176,0.496649,0.613393,0.60755,0.549265,0.585449,0.473637,0.572181,0.427006,0.56264,0.385983,0.646491,0.534843,0.632429,0.44763,0.623057,0.391961,0.614959,0.343317,0.684951,0.541724,0.693609,0.45876,0.697297,0.402522,0.698338,0.352229,0.722328,0.565531,0.745584,0.507534,0.759498,0.467554,0.769113,0.429365,1
0.673667,0.725951,0.615148,0.711729,0.566535,0.671654,0.531642,0.632232,0.495624,0.610867,0.605278,0.548714,0.583364,0.473772,0.569689,0.426618,0.559238,0.384863,0.644736,0.533978,0.631442,0.447103,0.622679,0.391838,0.614552,0.343415,0.683886,0.540599,0.692495,0.458806,0.696825,0.403329,0.698318,0.353908,0.722292,0.563811,0.745162,0.503949,0.75993,0.462718,0.770387,0.424105,1
0.672077,0.715844,0.614169,0.703663,0.564144,0.663663,0.527228,0.624588,0.491245,0.60473,0.600173,0.537662,0.577376,0.464282,0.562766,0.417539,0.552017,0.377312,0.63904,0.521667,0.622285,0.438407,0.612436,0.386744,0.604765,0.34227,0.678949,0.526992,0.682968,0.450198,0.686753,0.399676,0.689275,0.353931,0.718409,0.549355,0.741464,0.493446,0.757454,0.455531,0.770318,0.419298,1
0.671454,0.712864,0.613514,0.700177,0.562924,0.660948,0.526016,0.622339,0.489846,0.60212,0.599889,0.53494,0.576476,0.461416,0.561989,0.415539,0.551866,0.375457,0.638286,0.519457,0.622082,0.436761,0.612409,0.384447,0.6049,0.33863,0.677146,0.52503,0.682556,0.45001,0.686985,0.399595,0.689632,0.35422,0.715587,0.547585,0.738499,0.493288,0.754705,0.456332,0.767886,0.421655,1
0.662326,0.710211,0.605978,0.694816,0.55527,0.654856,0.518688,0.617264,0.483856,0.598574,0.591858,0.533175,0.569271,0.460691,0.555461,0.414152,0.546131,0.372771,0.630323,0.516345,0.614203,0.433618,0.604752,0.381027,0.597815,0.333496,0.669576,0.519808,0.673326,0.443689,0.677115,0.392191,0.679645,0.345403,0.708841,0.539663,0.733523,0.481812,0.752193,0.442413,0.767709,0.405036,1
0.653669,0.711303,0.596567,0.697465,0.545116,0.65992,0.507838,0.622074,0.472835,0.601814,0.582286,0.537518,0.560571,0.461723,0.548639,0.414043,0.541456,0.371936,0.621366,0.520946,0.605228,0.436934,0.59739,0.383865,0.592513,0.336891,0.660316,0.523877,0.665295,0.451675,0.671183,0.402465,0.675477,0.359462,0.699558,0.542304,0.724083,0.488154,0.741054,0.449851,0.754824,0.414023,1
0.652621,0.711255,0.594018,0.699896,0.543974,0.663211,0.507575,0.624165,0.4714,0.603368,0.579968,0.542008,0.559605,0.466862,0.548211,0.419521,0.541251,0.376555,0.61915,0.524503,0.60267,0.441878,0.594241,0.387536,0.588442,0.338818,0.658656,0.526957,0.663644,0.452835,0.6682,0.401272,0.671293,0.354771,0.698068,0.545293,0.72404,0.487603,0.742509,0.446869,0.757769,0.407946,1
0.646767,0.719149,0.589002,0.705103,0.537901,0.66699,0.499047,0.630464,0.462441,0.610352,0.575419,0.545567,0.552975,0.470368,0.539199,0.423864,0.530227,0.383602,0.614239,0.530053,0.597386,0.445572,0.589262,0.3906,0.583874,0.341702,0.652751,0.535275,0.658958,0.457154,0.666531,0.404508,0.671559,0.356378,0.690976,0.556815,0.71931,0.500835,0.73779,0.459489,0.752021,0.419066,1
0.638418,0.730963,0.579502,0.719224,0.527615,0.680008,0.487834,0.641658,0.449286,0.61985,0.566599,0.5589,0.543199,0.485957,0.527224,0.441421,0.51408,0.403013,0.60546,0.540584,0.588239,0.452483,0.579511,0.396487,0.572175,0.347096,0.644314,0.544748,0.65063,0.464275,0.658704,0.409663,0.662978,0.359279,0.683109,0.566558,0.713872,0.51003,0.733545,0.467042,0.747739,0.424128,1
0.629019,0.732217,0.569946,0.715734,0.516521,0.67482,0.476563,0.636582,0.438876,0.616024,0.558532,0.559704,0.534642,0.488179,0.519822,0.443826,0.508809,0.405068,0.598181,0.543057,0.582195,0.452623,0.573183,0.394957,0.565906,0.345959,0.637265,0.54761,0.64383,0.468747,0.647367,0.414139,0.647658,0.366104,0.675463,0.569643,0.704683,0.516846,0.721204,0.475915,0.732803,0.436525,1
0.626067,0.730954,0.565368,0.717705,0.512572,0.677064,0.473764,0.637682,0.436173,0.61627,0.553713,0.55744,0.53285,0.481524,0.520582,0.434106,0.511655,0.392161,0.594082,0.541934,0.579251,0.45353,0.57048,0.396074,0.562869,0.346118,0.633555,0.547347,0.640964,0.467375,0.645447,0.412001,0.64653,0.361888,0.672304,0.570289,0.70096,0.516765,0.717051,0.477427,0.728153,0.438803,1
0.624448,0.733957,0.562172,0.72015,0.509404,0.679235,0.470573,0.639564,0.433274,0.61722,0.551034,0.557302,0.530273,0.48029,0.518025,0.432682,0.50929,0.390351,0.590996,0.54249,0.575699,0.453524,0.565943,0.395902,0.557619,0.345882,0.630479,0.548807,0.638011,0.468744,0.642039,0.414313,0.642778,0.365314,0.669479,0.572774,0.698435,0.519632,0.714929,0.481059,0.726737,0.443325,1
0.608353,0.737167,0.547396,0.718962,0.493964,0.67753,0.455706,0.637949,0.418339,0.615119,0.536775,0.558915,0.514996,0.480127,0.503037,0.429923,0.495825,0.385023,0.578135,0.544114,0.563768,0.451577,0.555213,0.391738,0.548446,0.339056,0.618996,0.550385,0.628181,0.467369,0.632618,0.410537,0.633764,0.359569,0.658899,0.574178,0.69199,0.517707,0.711415,0.475577,0.725454,0.434687,1
0.601333,0.737658,0.540073,0.718928,0.485669,0.67811,0.446752,0.638874,0.410679,0.614383,0.528881,0.557882,0.505778,0.47733,0.493374,0.426748,0.485453,0.381949,0.570272,0.542947,0.554734,0.449036,0.545466,0.390204,0.538075,0.338272,0.611459,0.548997,0.62054,0.462112,0.626922,0.404953,0.630299,0.35292,0.651715,0.573592,0.684138,0.517466,0.704351,0.475224,0.719473,0.433889,1
0.600836,0.736205,0.539144,0.72028,0.485665,0.679086,0.446653,0.639256,0.409314,0.614051,0.527168,0.556038,0.504712,0.474919,0.491422,0.424655,0.481571,0.380218,0.568239,0.541553,0.55457,0.449383,0.544584,0.391063,0.535363,0.339915,0.60914,0.548177,0.619119,0.462989,0.624349,0.405751,0.626042,0.353653,0.649219,0.572702,0.681143,0.514621,0.700847,0.471407,0.715752,0.429299,1
0.592862,0.737306,0.529262,0.71953,0.474629,0.676689,0.435692,0.636795,0.398861,0.613494,0.518527,0.55578,0.496839,0.474803,0.48374,0.423267,0.474024,0.378807,0.559631,0.541146,0.544815,0.449898,0.534438,0.393004,0.525356,0.342957,0.601097,0.546321,0.60997,0.45679,0.615454,0.3975,0.618293,0.343406,0.641878,0.570263,0.676296,0.511998,0.698452,0.469348,0.71569,0.428286,1
0.588524,0.738242,0.526469,0.720654,0.471586,0.678694,0.432129,0.638862,0.394212,0.614841,0.511541,0.554307,0.488693,0.472558,0.475219,0.420035,0.466565,0.374891,0.552841,0.540326,0.537049,0.445925,0.527594,0.386252,0.5207,0.334569,0.594707,0.547104,0.602989,0.454075,0.608451,0.392317,0.61211,0.336691,0.636292,0.572861,0.668951,0.515653,0.689926,0.473789,0.706316,0.433384,1
0.576291,0.738546,0.513913,0.720247,0.45821,0.677205,0.418357,0.637263,0.380383,0.614142,0.50003,0.550113,0.476683,0.469164,0.462664,0.417705,0.453224,0.372408,0.541123,0.536448,0.525212,0.441495,0.514951,0.382054,0.506963,0.329762,0.582612,0.54486,0.591237,0.454657,0.596536,0.394986,0.599667,0.341276,0.623429,0.572988,0.652546,0.515639,0.67103,0.476702,0.685206,0.439653,1
0.557727,0.740808,0.494674,0.724724,0.439378,0.681175,0.399244,0.638948,0.359554,0.615371,0.481366,0.555255,0.457115,0.47231,0.442681,0.418568,0.432377,0.370394,0.521571,0.539601,0.503373,0.441305,0.492655,0.378382,0.484843,0.321821,0.562805,0.547564,0.57037,0.454003,0.576021,0.39175,0.579273,0.335662,0.603432,0.575161,0.635851,0.513928,0.657147,0.469991,0.673309,0.427248,1
0.554511,0.742658,0.489918,0.726358,0.434863,0.681695,0.39405,0.639725,0.35521,0.616437,0.476295,0.553993,0.452866,0.470101,0.437764,0.416892,0.42751,0.368808,0.516431,0.538224,0.499187,0.440874,0.487538,0.377089,0.47794,0.320099,0.557763,0.545191,0.566574,0.448945,0.572809,0.386114,0.576433,0.328274,0.599128,0.57201,0.633148,0.511222,0.654033,0.466148,0.670282,0.421814,1
0.554174,0.744988,0.487409,0.730369,0.431464,0.686465,0.38993,0.644547,0.350543,0.620109,0.472965,0.556364,0.449658,0.47177,0.434473,0.417309,0.42402,0.367955,0.513753,0.539592,0.496916,0.440332,0.485006,0.375288,0.475063,0.317168,0.555492,0.546431,0.564392,0.447309,0.570081,0.382328,0.573183,0.321947,0.597316,0.573873,0.63199,0.510613,0.653386,0.463564,0.669863,0.416648,1
0.540781,0.757478,0.473275,0.7445,0.414091,0.704712,0.366874,0.667639,0.324511,0.641815,0.454577,0.570058,0.428507,0.482391,0.41303,0.425544,0.402053,0.374557,0.497034,0.551781,0.478959,0.44831,0.466595,0.379218,0.456661,0.317636,0.540615,0.559876,0.547199,0.460957,0.551578,0.393874,0.554365,0.332994,0.583101,0.589014,0.617253,0.525724,0.638496,0.477424,0.655138,0.42948,1
0.526635,0.764797,0.455761,0.748949,0.394698,0.707362,0.3484,0.666071,0.307957,0.636513,0.438484,0.573173,0.411931,0.484338,0.395837,0.427707,0.384514,0.376158,0.482081,0.553203,0.463784,0.449723,0.450677,0.38013,0.440783,0.317724,0.525669,0.558672,0.531298,0.459228,0.536168,0.390875,0.539815,0.328133,0.568446,0.585538,0.603095,0.524091,0.624453,0.475733,0.641952,0.428139,1
0.519718,0.770466,0.448755,0.754492,0.387787,0.711771,0.340634,0.668778,0.298753,0.638776,0.431695,0.574453,0.405673,0.48318,0.389134,0.426568,0.37763,0.374576,0.475489,0.557096,0.456821,0.454345,0.443403,0.38502,0.432999,0.322472,0.519157,0.564032,0.524853,0.465399,0.52964,0.397058,0.532227,0.334355,0.562258,0.591346,0.595354,0.526286,0.616354,0.477108,0.632957,0.429855,1
0.496132,0.776391,0.424549,0.762623,0.360643,0.720856,0.313163,0.679287,0.270347,0.6512,0.403994,0.580487,0.373498,0.488772,0.355623,0.430884,0.341767,0.380058,0.447233,0.560668,0.424524,0.452688,0.41067,0.384641,0.399649,0.32508,0.492461,0.566638,0.493768,0.462952,0.497381,0.395036,0.49962,0.335044,0.537947,0.594723,0.568587,0.527981,0.588057,0.480619,0.603403,0.435399,1
0.485486,0.781099,0.41255,0.764182,0.348681,0.72045,0.302484,0.680732,0.262055,0.657511,0.392579,0.585821,0.365857,0.492934,0.348466,0.435158,0.334704,0.383879,0.436387,0.566827,0.417055,0.458681,0.401478,0.388763,0.387163,0.328533,0.481332,0.572434,0.486942,0.465341,0.489003,0.39381,0.48898,0.330109,0.526293,0.60036,0.561506,0.534031,0.582575,0.483832,0.598951,0.436232,1
0.469317,0.781925,0.396502,0.766195,0.33084,0.721358,0.282214,0.681447,0.238041,0.660136,0.373965,0.590696,0.34393,0.496415,0.325353,0.437431,0.31117,0.385689,0.418838,0.570494,0.396401,0.462376,0.380098,0.390432,0.365791,0.326697,0.464773,0.576368,0.468861,0.471947,0.472247,0.402287,0.473099,0.339108,0.510441,0.606635,0.547177,0.54412,0.568101,0.494416,0.584038,0.445114,1
0.453857,0.783766,0.381632,0.770944,0.31519,0.727541,0.265399,0.688886,0.22086,0.669374,0.355276,0.597185,0.320927,0.507089,0.30257,0.449971,0.289103,0.398455,0.401404,0.57406,0.379084,0.465699,0.362602,0.395811,0.348218,0.33397,0.447558,0.579192,0.454073,0.474963,0.457228,0.402362,0.457891,0.335644,0.492278,0.608863,0.527958,0.544108,0.548161,0.49349,0.562536,0.442674,1
0.455171,0.782831,0.381654,0.769599,0.314987,0.727758,0.266166,0.690799,0.223015,0.671267,0.352767,0.596686,0.320564,0.506771,0.302177,0.448944,0.288895,0.396546,0.397669,0.574146,0.37446,0.465907,0.357309,0.394883,0.342291,0.332712,0.443495,0.578747,0.449734,0.472841,0.452086,0.400937,0.451632,0.3361,0.488499,0.607572,0.522451,0.539904,0.543206,0.49056,0.558328,0.442819,1
0.445001,0.786326,0.372389,0.774252,0.307595,0.734892,0.258743,0.698732,0.214802,0.67912,0.342297,0.601422,0.310208,0.511992,0.290272,0.455307,0.274058,0.40367,0.387241,0.578109,0.365636,0.47056,0.34661,0.401349,0.328309,0.339901,0.432665,0.58171,0.439073,0.477158,0.4405,0.404444,0.438666,0.337664,0.476986,0.60906,0.511115,0.540834,0.531289,0.489398,0.545502,0.439083,1
0.446909,0.788351,0.37303,0.776856,0.306307,0.737342,0.25777,0.700451,0.214674,0.68154,0.340476,0.604443,0.307372,0.514473,0.287875,0.456945,0.273237,0.404862,0.385046,0.580844,0.361875,0.473895,0.343461,0.404185,0.327424,0.343018,0.431234,0.584342,0.436612,0.480102,0.438383,0.4086,0.437704,0.343487,0.47702,0.611527,0.509414,0.542232,0.528834,0.490566,0.543,0.440204,1
0.438394,0.790506,0.365959,0.78019,0.301585,0.740273,0.252978,0.70336,0.209661,0.682392,0.336602,0.606755,0.303999,0.517823,0.282705,0.461556,0.266248,0.411372,0.380201,0.585021,0.356335,0.479281,0.33891,0.40997,0.324682,0.349878,0.425094,0.5898,0.430642,0.485216,0.43394,0.413893,0.434847,0.349561,0.469933,0.618059,0.503297,0.550286,0.524425,0.501189,0.540376,0.454394,1
0.441163,0.791498,0.367338,0.779931,0.301367,0.741616,0.251981,0.706127,0.209977,0.686502,0.336617,0.60927,0.303496,0.521075,0.281696,0.465285,0.264132,0.415937,0.379778,0.588535,0.355334,0.483131,0.338263,0.414672,0.32411,0.355716,0.42468,0.593904,0.428529,0.488716,0.431585,0.417688,0.432388,0.354103,0.470203,0.622142,0.501308,0.552448,0.521073,0.502284,0.535555,0.454603,1
0.439589,0.791795,0.366767,0.7777,0.302883,0.738996,0.254274,0.704184,0.21164,0.684205,0.338643,0.607584,0.304799,0.520799,0.282247,0.466282,0.265039,0.416507,0.381244,0.585809,0.355667,0.481766,0.339085,0.413191,0.327264,0.353859,0.425777,0.591396,0.431215,0.487487,0.435368,0.418654,0.437454,0.357548,0.470718,0.620715,0.504038,0.552819,0.523881,0.502665,0.538509,0.454222,1
0.44091,0.792166,0.368264,0.77923,0.30419,0.739312,0.255663,0.703098,0.213549,0.682126,0.339518,0.606692,0.306318,0.519572,0.284461,0.464365,0.267539,0.415124,0.382556,0.586409,0.357873,0.481099,0.341762,0.412099,0.329645,0.352986,0.427315,0.59244,0.432157,0.487542,0.436049,0.417403,0.437667,0.355081,0.472576,0.621421,0.504771,0.550477,0.525228,0.499397,0.540325,0.450696,1
0.443271,0.793773,0.372442,0.781409,0.307591,0.743729,0.257525,0.71004,0.214855,0.692098,0.342731,0.615698,0.308363,0.526856,0.286506,0.470644,0.270132,0.420479,0.385508,0.594511,0.360293,0.48847,0.343368,0.418912,0.330548,0.359202,0.430347,0.599352,0.435155,0.492493,0.438051,0.421759,0.438863,0.359093,0.475686,0.627556,0.507971,0.557981,0.527161,0.506379,0.541278,0.456893,1
0.448011,0.794422,0.376836,0.78169,0.311643,0.743449,0.261533,0.70863,0.218463,0.690331,0.344382,0.614257,0.310076,0.526512,0.287714,0.470847,0.27095,0.420576,0.387075,0.592057,0.360693,0.486538,0.343718,0.416147,0.331337,0.355558,0.432277,0.596875,0.437752,0.491124,0.441344,0.421271,0.442676,0.359614,0.478214,0.625261,0.511083,0.556449,0.529753,0.505195,0.543117,0.455766,1
0.450797,0.796264,0.380153,0.782279,0.315601,0.74549,0.266127,0.709714,0.222817,0.691409,0.350608,0.617637,0.316043,0.527655,0.293142,0.471845,0.27556,0.420552,0.392942,0.596259,0.365985,0.490542,0.348789,0.42004,0.336423,0.358566,0.43755,0.601098,0.443431,0.495326,0.447947,0.425441,0.450261,0.363745,0.48295,0.629585,0.514199,0.562227,0.533428,0.512712,0.547722,0.465452,1
0.452379,0.795797,0.381043,0.780443,0.317197,0.742166,0.268085,0.70553,0.224153,0.684873,0.352791,0.614197,0.319,0.522928,0.296747,0.466346,0.280319,0.414088,0.395449,0.592618,0.368992,0.486645,0.352517,0.415441,0.341279,0.353571,0.440272,0.597905,0.447926,0.492094,0.453326,0.423415,0.456461,0.362461,0.48562,0.626653,0.520156,0.558394,0.539681,0.506771,0.553972,0.456713,1
0.454001,0.797025,0.381737,0.783116,0.317376,0.744438,0.267688,0.708501,0.224088,0.688872,0.355077,0.615252,0.321968,0.52444,0.300249,0.467009,0.283849,0.414675,0.398901,0.594509,0.374201,0.487215,0.357493,0.415483,0.345116,0.35304,0.44407,0.600511,0.450803,0.494309,0.454365,0.423201,0.455716,0.359467,0.489529,0.629352,0.522556,0.559579,0.542233,0.50811,0.556752,0.45796,1
0.464582,0.797768,0.394222,0.782251,0.328663,0.745914,0.278198,0.710825,0.234246,0.689667,0.364977,0.619429,0.330954,0.527939,0.308744,0.47028,0.292043,0.417925,0.409022,0.597882,0.382866,0.493031,0.366739,0.423024,0.355862,0.361239,0.455205,0.60332,0.461257,0.499621,0.465773,0.427923,0.468762,0.363044,0.502194,0.632698,0.536168,0.566188,0.557988,0.516337,0.574443,0.46839,1
0.468882,0.799821,0.396175,0.78643,0.330556,0.747898,0.280808,0.710495,0.237207,0.688408,0.368266,0.620163,0.335027,0.529183,0.313084,0.470604,0.296801,0.417492,0.413313,0.598476,0.388449,0.493662,0.372519,0.4232,0.361508,0.361454,0.459823,0.603847,0.466518,0.49928,0.471393,0.427334,0.474553,0.362495,0.506582,0.632629,0.542585,0.564828,0.565218,0.514412,0.582342,0.465854,1
0.478105,0.799033,0.405065,0.783139,0.339519,0.74465,0.289091,0.708148,0.244478,0.685214,0.377487,0.617198,0.345148,0.525888,0.322672,0.468188,0.305355,0.415795,0.42207,0.594754,0.397125,0.490483,0.381097,0.420767,0.36992,0.359893,0.468291,0.599785,0.475076,0.49505,0.480906,0.423487,0.484491,0.359292,0.514414,0.628522,0.551965,0.55782,0.575862,0.50509,0.594119,0.455046,1
0.483388,0.795476,0.408847,0.782165,0.342487,0.743651,0.29268,0.705579,0.248616,0.682179,0.381841,0.614245,0.34918,0.523517,0.327312,0.465316,0.310566,0.412524,0.427698,0.592515,0.402413,0.488403,0.38588,0.418775,0.373899,0.357964,0.474626,0.597209,0.479714,0.493181,0.484003,0.421397,0.486515,0.35711,0.521239,0.62452,0.556891,0.553851,0.579801,0.50199,0.597547,0.452677,1
0.48309,0.796343,0.408541,0.783511,0.343217,0.744493,0.294098,0.706941,0.250433,0.683561,0.382023,0.614028,0.3498,0.524043,0.329148,0.466741,0.313016,0.414865,0.4284,0.593999,0.404409,0.488513,0.388848,0.419607,0.376436,0.359154,0.475525,0.599434,0.478665,0.495948,0.482595,0.422908,0.484357,0.356204,0.522344,0.627241,0.555925,0.556817,0.578626,0.505334,0.595839,0.455735,1
0.484679,0.795352,0.410431,0.782352,0.345052,0.74378,0.295989,0.706703,0.252281,0.683046,0.38342,0.614444,0.35133,0.525735,0.330598,0.468737,0.314654,0.416849,0.429977,0.593635,0.406097,0.488831,0.390873,0.41941,0.379307,0.358273,0.477446,0.59907,0.479909,0.496143,0.483407,0.423537,0.485079,0.357337,0.524895,0.627057,0.557613,0.558091,0.579524,0.507439,0.596037,0.458611,1
0.498504,0.792148,0.42631,0.775155,0.359448,0.735915,0.309322,0.69924,0.264344,0.678103,0.396462,0.610339,0.360865,0.521765,0.338183,0.465391,0.320742,0.413609,0.44188,0.587034,0.417151,0.481256,0.401113,0.412274,0.389283,0.352305,0.48815,0.591865,0.490965,0.487673,0.495203,0.416937,0.498299,0.352933,0.534042,0.620596,0.56902,0.551578,0.59148,0.500205,0.608873,0.450705,1
0.511585,0.781172,0.441818,0.764888,0.37735,0.725219,0.329364,0.688255,0.285126,0.669646,0.418963,0.602574,0.384498,0.515661,0.363865,0.459362,0.349616,0.407602,0.461588,0.579799,0.438688,0.475842,0.422623,0.406151,0.410302,0.345429,0.505866,0.582951,0.51225,0.483288,0.515634,0.412718,0.517568,0.349624,0.549889,0.609773,0.58576,0.54419,0.608345,0.494074,0.626644,0.447242,1
0.521058,0.78188,0.450576,0.766188,0.387141,0.726967,0.337812,0.688681,0.294229,0.665971,0.424226,0.598403,0.3922,0.509239,0.372315,0.451517,0.358385,0.399323,0.467459,0.577136,0.443979,0.47215,0.426835,0.40232,0.412915,0.342284,0.512603,0.581821,0.51739,0.480267,0.519307,0.40946,0.519712,0.347146,0.557517,0.609129,0.588801,0.541011,0.608958,0.491624,0.62488,0.44558,1
0.545748,0.755084,0.476316,0.743819,0.416073,0.714141,0.368888,0.677867,0.325963,0.652497,0.454728,0.586709,0.424843,0.50065,0.406975,0.446354,0.39369,0.395445,0.494829,0.566368,0.47231,0.467381,0.458784,0.401234,0.448754,0.341791,0.536961,0.569333,0.541329,0.47069,0.545839,0.40329,0.548319,0.342231,0.580377,0.593327,0.611657,0.531071,0.630035,0.482281,0.644469,0.435484,1
0.551393,0.753628,0.486794,0.740094,0.428045,0.709744,0.382289,0.673818,0.340306,0.647552,0.461678,0.581417,0.431359,0.498343,0.411313,0.445854,0.397088,0.395902,0.50221,0.562535,0.481181,0.467081,0.467471,0.402713,0.45801,0.344833,0.545069,0.567272,0.551332,0.474989,0.554142,0.410967,0.555275,0.353299,0.58919,0.592558,0.620772,0.530427,0.638533,0.48152,0.652542,0.434296,1
0.580451,0.732924,0.515933,0.720931,0.460975,0.686282,0.418561,0.647052,0.377473,0.62549,0.49736,0.558133,0.469214,0.478483,0.452742,0.428101,0.440637,0.380457,0.536799,0.540844,0.515644,0.443959,0.504339,0.382527,0.495354,0.32737,0.578672,0.54671,0.583155,0.455567,0.586821,0.394914,0.588079,0.340373,0.621329,0.570699,0.64612,0.506093,0.663119,0.462136,0.676154,0.420641,1
0.602427,0.717483,0.543373,0.703843,0.491139,0.669147,0.451619,0.633463,0.412545,0.610484,0.526325,0.54191,0.499524,0.465721,0.483752,0.416701,0.471658,0.372478,0.564045,0.526661,0.546628,0.437129,0.536487,0.380614,0.52819,0.331479,0.603481,0.533645,0.610345,0.450959,0.615187,0.394563,0.617514,0.344133,0.64322,0.558165,0.668299,0.503463,0.685661,0.463377,0.699153,0.42537,1
0.610101,0.714923,0.550188,0.702037,0.499065,0.669608,0.461127,0.633582,0.422865,0.608832,0.531781,0.545113,0.503726,0.470098,0.487307,0.420986,0.475882,0.376372,0.571634,0.527977,0.554081,0.441695,0.543022,0.383627,0.534779,0.332078,0.612417,0.532689,0.618689,0.455718,0.62099,0.40179,0.62122,0.35289,0.652589,0.554757,0.677464,0.502348,0.692885,0.462809,0.705135,0.424685,1
0.614565,0.716448,0.554323,0.70504,0.502096,0.670254,0.463035,0.632681,0.425243,0.607496,0.534844,0.545175,0.508703,0.470301,0.492745,0.422079,0.481854,0.378878,0.574459,0.52657,0.557496,0.438609,0.546876,0.382489,0.53859,0.333904,0.61518,0.529806,0.620307,0.44828,0.623081,0.395331,0.623552,0.348283,0.655606,0.55121,0.681049,0.497554,0.696107,0.457792,0.707533,0.419773,1
0.627994,0.713245,0.568596,0.700509,0.518206,0.669671,0.478309,0.634041,0.438976,0.611789,0.550921,0.548361,0.523329,0.476686,0.505648,0.430695,0.492757,0.388188,0.588671,0.528891,0.569586,0.444176,0.557752,0.389234,0.548283,0.340962,0.627764,0.531134,0.632131,0.455592,0.63312,0.404441,0.631167,0.358655,0.667147,0.550818,0.691272,0.498067,0.704384,0.458162,0.71372,0.419837,1
0.641076,0.711095,0.58418,0.700212,0.532852,0.668751,0.493071,0.631965,0.454467,0.609995,0.565061,0.547591,0.540275,0.480069,0.523264,0.437225,0.50974,0.397499,0.60218,0.526387,0.583923,0.443295,0.572551,0.389475,0.562954,0.342569,0.640541,0.5277,0.644286,0.455213,0.64451,0.407895,0.64132,0.366276,0.679266,0.547416,0.702352,0.496998,0.714548,0.458767,0.72276,0.422306,1
0.6441,0.711648,0.587293,0.700421,0.537049,0.666507,0.497836,0.630985,0.460329,0.609006,0.568424,0.545198,0.542964,0.476447,0.526041,0.434328,0.513387,0.396738,0.605095,0.525307,0.587259,0.443174,0.576315,0.389461,0.567607,0.342726,0.642915,0.526658,0.646109,0.453688,0.648299,0.406072,0.647485,0.363711,0.681067,0.545136,0.704359,0.493972,0.717456,0.455442,0.726904,0.418454,1
0.647453,0.710412,0.590421,0.70151,0.54029,0.668037,0.501197,0.631688,0.463752,0.60827,0.570123,0.544838,0.544392,0.475276,0.528408,0.431669,0.517794,0.392564,0.606513,0.52334,0.58804,0.441833,0.577475,0.387192,0.56998,0.33946,0.644455,0.523512,0.647774,0.451419,0.651149,0.404353,0.651807,0.362408,0.682868,0.541308,0.707139,0.491587,0.720647,0.453499,0.730816,0.416633,1
0.651647,0.706776,0.594694,0.69735,0.545278,0.664427,0.506937,0.628487,0.469209,0.60632,0.573267,0.540331,0.547643,0.471314,0.530417,0.428899,0.517474,0.390834,0.609838,0.519269,0.592381,0.439156,0.581685,0.386258,0.573457,0.339478,0.647604,0.520436,0.650691,0.449331,0.653885,0.404744,0.654116,0.364297,0.685647,0.539051,0.709157,0.4911,0.722118,0.454556,0.732111,0.418421,1
0.651304,0.70489,0.595108,0.6949,0.546356,0.660666,0.509783,0.623992,0.473452,0.602594,0.575336,0.537906,0.549801,0.469738,0.532672,0.427882,0.520158,0.390794,0.611856,0.517451,0.594748,0.43758,0.583957,0.3848,0.576274,0.339406,0.649366,0.518603,0.653138,0.447617,0.655696,0.403318,0.656122,0.363865,0.687201,0.537166,0.711142,0.488335,0.724569,0.451556,0.735205,0.415885,1
0.651604,0.703785,0.595556,0.69517,0.546733,0.660632,0.50917,0.623372,0.472775,0.601017,0.574694,0.537457,0.550719,0.46776,0.535285,0.424251,0.524555,0.38671,0.611345,0.517046,0.59361,0.437247,0.583663,0.384924,0.57679,0.33911,0.648928,0.518455,0.653883,0.445798,0.659063,0.398108,0.661906,0.355627,0.686803,0.537641,0.710189,0.489107,0.723256,0.454302,0.733114,0.42061,1
0.651187,0.704022,0.59525,0.696448,0.54646,0.662496,0.510307,0.624637,0.474454,0.602815,0.575516,0.537671,0.551915,0.468483,0.53665,0.424655,0.526157,0.386074,0.612445,0.517297,0.595492,0.438376,0.585012,0.386396,0.577333,0.340519,0.649839,0.51912,0.654818,0.448712,0.657451,0.403154,0.657793,0.36238,0.687207,0.539005,0.710884,0.492196,0.7236,0.457787,0.733395,0.424409,1
0.651239,0.703716,0.596317,0.694936,0.548597,0.661537,0.512382,0.623661,0.47631,0.601211,0.576437,0.537162,0.554213,0.466666,0.540266,0.422509,0.531184,0.383757,0.612796,0.517596,0.595806,0.437777,0.585671,0.386094,0.578381,0.34049,0.650092,0.519093,0.655428,0.448275,0.658981,0.402308,0.660358,0.36176,0.687661,0.538116,0.710222,0.490796,0.722047,0.455947,0.731042,0.422351,1
0.652017,0.706839,0.596065,0.698271,0.548856,0.664674,0.513532,0.626384,0.478355,0.602684,0.577582,0.539342,0.554799,0.470751,0.541124,0.426715,0.532658,0.388406,0.613931,0.519762,0.596181,0.441768,0.587033,0.390804,0.581193,0.345892,0.650987,0.521443,0.65612,0.451791,0.660471,0.404958,0.662968,0.363031,0.688425,0.540731,0.710586,0.493473,0.722697,0.459403,0.731956,0.426233,1
0.651914,0.705513,0.596453,0.696849,0.550169,0.663606,0.514241,0.6258,0.478259,0.602664,0.578972,0.538973,0.55682,0.468748,0.543531,0.423784,0.5351,0.384651,0.615224,0.519725,0.597677,0.44046,0.587643,0.389025,0.580645,0.343136,0.652521,0.52141,0.657312,0.448808,0.661439,0.401254,0.66384,0.358418,0.690237,0.54105,0.712996,0.493179,0.725112,0.458026,0.734364,0.423529,1
0.655274,0.704268,0.600292,0.69226,0.553096,0.658194,0.517862,0.62027,0.482273,0.597558,0.583134,0.537592,0.56038,0.467929,0.546516,0.422802,0.537031,0.382135,0.62036,0.517694,0.604106,0.439326,0.594682,0.388001,0.587816,0.342349,0.658631,0.518973,0.662982,0.447114,0.666375,0.399023,0.667932,0.355791,0.696974,0.537558,0.718309,0.48623,0.729257,0.448188,0.737123,0.411255,1
0.656099,0.706023,0.600627,0.695525,0.554138,0.660177,0.520062,0.620655,0.484372,0.5975,0.583782,0.537945,0.56179,0.467497,0.548109,0.422504,0.538776,0.382578,0.621529,0.518594,0.604608,0.439851,0.595127,0.388516,0.587976,0.343097,0.659696,0.519493,0.664797,0.448958,0.668395,0.400944,0.669785,0.358307,0.698246,0.537071,0.720028,0.484552,0.731718,0.447093,0.740001,0.411667,1
0.658078,0.705054,0.601394,0.692556,0.554906,0.657452,0.521152,0.618124,0.486234,0.59433,0.588514,0.53619,0.566136,0.465731,0.552743,0.419628,0.544171,0.378308,0.626351,0.517757,0.610996,0.439548,0.60193,0.387451,0.59556,0.34152,0.664522,0.519293,0.669602,0.447589,0.672991,0.398435,0.674917,0.354773,0.702883,0.537324,0.725161,0.483498,0.738282,0.445725,0.748572,0.410183,1
0.658431,0.704704,0.60309,0.694225,0.55566,0.657912,0.521969,0.617649,0.48686,0.594073,0.588397,0.536694,0.564489,0.465628,0.549752,0.419554,0.540022,0.3783,0.626141,0.517342,0.609147,0.436572,0.599597,0.383631,0.592887,0.336457,0.664522,0.518629,0.667918,0.445663,0.672082,0.3967,0.674491,0.353268,0.703599,0.536999,0.725474,0.481438,0.739325,0.443327,0.750013,0.407516,1
0.662578,0.706031,0.605716,0.694061,0.558253,0.657668,0.524153,0.618233,0.488819,0.594749,0.591629,0.538041,0.567116,0.467063,0.551842,0.421061,0.541107,0.380216,0.629604,0.518965,0.612146,0.439498,0.602139,0.387594,0.594605,0.34121,0.668044,0.520595,0.671911,0.449635,0.675606,0.401907,0.677668,0.358662,0.706298,0.538288,0.726891,0.481882,0.741574,0.443056,0.753472,0.405856,1
0.661362,0.70654,0.605862,0.693605,0.558307,0.657144,0.524278,0.618604,0.489623,0.594274,0.592647,0.535468,0.568773,0.464385,0.553448,0.418764,0.542206,0.378419,0.630491,0.517423,0.613787,0.438578,0.604431,0.386886,0.597571,0.34032,0.668859,0.519826,0.671776,0.448673,0.675532,0.400238,0.67788,0.356247,0.707631,0.538367,0.726975,0.482033,0.740204,0.443243,0.750862,0.406254,1
0.665017,0.709602,0.608109,0.695757,0.562606,0.658491,0.529781,0.619841,0.494855,0.595372,0.596727,0.536236,0.573726,0.466497,0.559077,0.421146,0.548109,0.381013,0.634717,0.519454,0.619656,0.442151,0.610317,0.39136,0.602536,0.345813,0.672825,0.523447,0.677371,0.452086,0.680432,0.402322,0.681789,0.356296,0.710506,0.543763,0.731992,0.488171,0.746852,0.449179,0.758933,0.410921,1
0.663732,0.708719,0.607106,0.698054,0.562738,0.660971,0.531413,0.621665,0.497086,0.597323,0.598508,0.538021,0.575074,0.467957,0.559205,0.422367,0.547236,0.382099,0.636141,0.521565,0.61961,0.44271,0.60876,0.39117,0.599526,0.344716,0.673828,0.52529,0.677564,0.45176,0.680951,0.402031,0.682331,0.3561,0.711184,0.544431,0.732718,0.485243,0.747766,0.445825,0.759489,0.408131,1
0.669904,0.710799,0.612375,0.701141,0.5672,0.665846,0.534477,0.627085,0.498991,0.60226,0.602609,0.542475,0.578373,0.470737,0.562299,0.425023,0.549897,0.384839,0.63975,0.526022,0.62312,0.444234,0.613464,0.391338,0.605831,0.34441,0.67726,0.530191,0.679639,0.454064,0.683326,0.402152,0.685502,0.354425,0.714704,0.550157,0.735938,0.490043,0.751728,0.449304,0.764348,0.409998,1
0.669079,0.711823,0.611698,0.702207,0.566501,0.66635,0.534286,0.627293,0.499395,0.602945,0.603064,0.541765,0.578909,0.470121,0.562801,0.424406,0.550325,0.384507,0.640708,0.525966,0.624941,0.445313,0.615436,0.392651,0.60765,0.346049,0.678272,0.53055,0.682397,0.456191,0.685867,0.405274,0.687392,0.358363,0.715627,0.550587,0.736821,0.491416,0.751537,0.451496,0.762772,0.413222,1
0.672627,0.708809,0.615804,0.697996,0.570396,0.660365,0.536929,0.621726,0.502066,0.597002,0.606342,0.538049,0.582579,0.466494,0.567191,0.420786,0.555484,0.381646,0.643951,0.522265,0.629332,0.442286,0.620283,0.389923,0.612905,0.344689,0.681445,0.52701,0.686001,0.450545,0.689682,0.398507,0.691442,0.351651,0.7186,0.547801,0.740364,0.489928,0.755138,0.45164,0.766234,0.415634,1
0.673837,0.709692,0.616631,0.697032,0.570395,0.658472,0.536648,0.620311,0.501576,0.598197,0.607201,0.536988,0.584418,0.466167,0.570154,0.420888,0.559495,0.38195,0.644525,0.521806,0.629304,0.442416,0.620074,0.391745,0.612584,0.348081,0.681698,0.527219,0.685314,0.452127,0.688375,0.400592,0.689923,0.353898,0.718258,0.548775,0.736903,0.495145,0.749728,0.458357,0.759531,0.423308,1
0.674476,0.70958,0.617304,0.696952,0.572626,0.660034,0.539757,0.621521,0.505531,0.596921,0.609339,0.535868,0.585733,0.464706,0.570356,0.419725,0.557935,0.381493,0.646867,0.520961,0.632701,0.439607,0.623491,0.387955,0.615422,0.34402,0.683728,0.527572,0.689055,0.452093,0.69177,0.400568,0.692513,0.354823,0.719894,0.551202,0.738957,0.497636,0.751196,0.46186,0.760077,0.428688,1
0.677195,0.708615,0.620673,0.696388,0.57644,0.658693,0.543895,0.619553,0.5092,0.595553,0.612344,0.536556,0.589014,0.465474,0.574108,0.420467,0.562102,0.381907,0.649621,0.520853,0.634985,0.438993,0.625131,0.387351,0.616304,0.34242,0.686197,0.526734,0.690863,0.449718,0.69274,0.398111,0.692469,0.351857,0.722085,0.550042,0.740232,0.496229,0.751872,0.460243,0.760009,0.426545,1
0.678095,0.707919,0.620289,0.69526,0.576086,0.657678,0.542997,0.619068,0.508527,0.594939,0.612867,0.534544,0.590486,0.464472,0.576493,0.418756,0.565828,0.379856,0.649932,0.519632,0.636665,0.440812,0.628148,0.390513,0.620902,0.347058,0.685927,0.525109,0.690812,0.449471,0.693651,0.398275,0.694794,0.352118,0.720942,0.547364,0.739328,0.49575,0.75252,0.462068,0.762596,0.430409,1
0.675786,0.708153,0.617634,0.695869,0.573882,0.657447,0.54206,0.618619,0.507966,0.596586,0.612493,0.536162,0.589931,0.464948,0.575769,0.418371,0.564857,0.378815,0.649567,0.521012,0.636152,0.440983,0.627003,0.389212,0.618943,0.344232,0.685613,0.526655,0.691213,0.450078,0.693864,0.397603,0.694649,0.350304,0.720819,0.549331,0.740699,0.496295,0.753256,0.460419,0.762418,0.42654,1
0.676431,0.708944,0.61808,0.697433,0.573892,0.659983,0.542179,0.621398,0.508122,0.597848,0.613073,0.536088,0.589977,0.466446,0.574787,0.421567,0.562534,0.383261,0.650136,0.521766,0.638032,0.44463,0.630396,0.395895,0.6238,0.353919,0.686257,0.527609,0.691335,0.452864,0.693921,0.401647,0.694861,0.355597,0.721527,0.550215,0.740176,0.497577,0.752323,0.46268,0.761441,0.429759,1
0.677199,0.706574,0.620303,0.693665,0.576104,0.656019,0.542725,0.617292,0.508586,0.594009,0.613423,0.534799,0.591421,0.464599,0.577977,0.418748,0.56825,0.37981,0.650477,0.520327,0.638402,0.443464,0.630008,0.394105,0.62281,0.3514,0.686949,0.526508,0.691871,0.451642,0.693426,0.400857,0.6935,0.354998,0.722585,0.549999,0.741944,0.499556,0.753233,0.465417,0.761622,0.433068,1
0.677504,0.707011,0.621108,0.693168,0.576639,0.656096,0.543605,0.618076,0.510197,0.593846,0.614027,0.534516,0.591763,0.463947,0.578113,0.41848,0.56763,0.379987,0.650844,0.520598,0.638123,0.442849,0.629218,0.394168,0.621004,0.352208,0.686521,0.527022,0.691854,0.451749,0.693269,0.399773,0.692523,0.352889,0.721329,0.550351,0.740132,0.50053,0.751256,0.466919,0.758897,0.43495,1
0.686079,0.709161,0.631835,0.694485,0.588683,0.656462,0.55721,0.616825,0.523436,0.593107,0.626711,0.540398,0.605591,0.470467,0.593777,0.425977,0.584178,0.386678,0.663008,0.524543,0.651875,0.447833,0.642954,0.401876,0.63356,0.362858,0.698701,0.528222,0.704282,0.453495,0.703936,0.403404,0.700788,0.359061,0.733637,0.548438,0.755106,0.492192,0.767725,0.452003,0.776169,0.414035,1
0.688338,0.710593,0.633862,0.698583,0.591794,0.659953,0.561628,0.620638,0.52863,0.597205,0.629251,0.541784,0.614343,0.479853,0.606363,0.442339,0.600945,0.409829,0.664782,0.525811,0.652646,0.452359,0.644652,0.408822,0.637893,0.371206,0.700566,0.529999,0.704656,0.456605,0.703154,0.408066,0.700334,0.363449,0.736312,0.551955,0.75508,0.497133,0.76454,0.4587,0.770749,0.420954,1
0.695155,0.713181,0.643288,0.698939,0.602332,0.662814,0.571873,0.625298,0.539095,0.601211,0.639077,0.546586,0.620415,0.480438,0.609647,0.43883,0.60227,0.402421,0.675362,0.53108,0.666155,0.454894,0.661177,0.408524,0.657435,0.36808,0.710196,0.537166,0.716154,0.466325,0.715545,0.420391,0.712503,0.3786,0.744472,0.56126,0.762889,0.514526,0.769529,0.481598,0.771929,0.450415,1
0.698676,0.715396,0.644755,0.704016,0.603294,0.666889,0.573958,0.626966,0.541238,0.602589,0.640565,0.547177,0.623592,0.477847,0.613446,0.433657,0.606422,0.396181,0.676752,0.531818,0.669253,0.454499,0.66394,0.406758,0.659041,0.365904,0.711357,0.537803,0.716265,0.464814,0.715788,0.418713,0.712956,0.377412,0.744694,0.562517,0.762971,0.517777,0.769456,0.487771,0.77217,0.460024,1
0.707247,0.715241,0.652195,0.704871,0.611476,0.666995,0.582458,0.625834,0.549986,0.600978,0.647256,0.55176,0.629822,0.485885,0.620109,0.4423,0.614405,0.403628,0.683572,0.534899,0.675493,0.458947,0.670271,0.410545,0.666803,0.368245,0.718732,0.539213,0.724015,0.46703,0.725858,0.418943,0.726526,0.37597,0.75278,0.561568,0.772426,0.512129,0.784628,0.478346,0.794414,0.447003,1
0.705867,0.718533,0.652512,0.707068,0.611896,0.670115,0.582853,0.630628,0.551963,0.603842,0.648261,0.552708,0.631639,0.488424,0.62185,0.446341,0.616579,0.409446,0.684353,0.536511,0.675847,0.459627,0.670679,0.410585,0.667717,0.368113,0.719573,0.541168,0.723884,0.468272,0.725375,0.421698,0.725857,0.379683,0.753807,0.563669,0.773271,0.514048,0.784316,0.480512,0.792879,0.449138,1
0.707273,0.719893,0.652981,0.708955,0.612205,0.671496,0.583407,0.631107,0.552389,0.6043,0.64944,0.554877,0.632869,0.491329,0.623501,0.44919,0.618639,0.412389,0.685061,0.53776,0.676381,0.460167,0.67173,0.4105,0.669357,0.368037,0.720208,0.541627,0.723226,0.467516,0.723913,0.419353,0.723949,0.376442,0.754635,0.56369,0.775746,0.515521,0.788139,0.48281,0.798321,0.452617,1
0.708695,0.723034,0.653197,0.711261,0.612478,0.672314,0.584209,0.630543,0.552929,0.605441,0.650843,0.555886,0.633897,0.49303,0.623754,0.451467,0.617693,0.415137,0.686541,0.539332,0.677799,0.462266,0.673267,0.412936,0.670843,0.371034,0.721888,0.543717,0.725776,0.470541,0.727412,0.424107,0.728133,0.382916,0.756563,0.566059,0.777521,0.51755,0.789663,0.485221,0.799528,0.455761,1
0.709846,0.722192,0.655512,0.710627,0.613894,0.672464,0.58473,0.632737,0.554314,0.605913,0.651778,0.556304,0.634782,0.491257,0.624696,0.448397,0.618628,0.411306,0.68802,0.539819,0.679976,0.462512,0.675656,0.413103,0.673202,0.371221,0.723177,0.544415,0.727137,0.471183,0.728982,0.423977,0.729779,0.381747,0.757222,0.566782,0.778246,0.518937,0.791179,0.486707,0.801739,0.456992,1
0.71054,0.72525,0.655857,0.714216,0.614262,0.675496,0.584993,0.635156,0.553505,0.609266,0.652993,0.557797,0.634313,0.492153,0.623403,0.449103,0.616957,0.411887,0.688861,0.541017,0.679029,0.462051,0.67461,0.411927,0.672368,0.369615,0.724136,0.545711,0.728605,0.470451,0.731526,0.422259,0.733196,0.379367,0.758641,0.568522,0.779071,0.519718,0.791531,0.487615,0.801442,0.458273,1
0.710591,0.729485,0.655421,0.716678,0.614216,0.678836,0.584375,0.639585,0.552502,0.614113,0.652859,0.562742,0.634686,0.496436,0.623394,0.452535,0.616425,0.414442,0.689414,0.546104,0.679173,0.467694,0.674593,0.416446,0.672286,0.372582,0.725304,0.55101,0.729915,0.478691,0.733414,0.431377,0.735344,0.389086,0.760195,0.573275,0.782745,0.52471,0.796969,0.491766,0.808516,0.460966,1
0.709141,0.731701,0.655081,0.718196,0.612814,0.679813,0.583228,0.641097,0.552235,0.615788,0.652674,0.562805,0.634823,0.496621,0.624951,0.454202,0.619496,0.41734,0.688987,0.546949,0.679661,0.466661,0.676233,0.416458,0.675415,0.374411,0.724451,0.551994,0.729332,0.478563,0.733386,0.43116,0.736655,0.389506,0.759216,0.574403,0.780993,0.524122,0.794709,0.489535,0.806041,0.457636,1
0.711349,0.732105,0.656443,0.717909,0.614433,0.679127,0.584426,0.639266,0.552448,0.613419,0.653148,0.561755,0.634934,0.495517,0.624558,0.452326,0.618207,0.414898,0.690227,0.545677,0.680555,0.467463,0.676314,0.418065,0.674101,0.376641,0.726473,0.551259,0.731782,0.479563,0.735227,0.433551,0.737539,0.392857,0.761636,0.574747,0.783328,0.525317,0.796829,0.491435,0.808015,0.4597,1
0.711184,0.733255,0.657228,0.718761,0.615255,0.680072,0.584624,0.639895,0.553577,0.611265,0.655364,0.561145,0.636732,0.49513,0.626183,0.452218,0.620336,0.414734,0.69171,0.545248,0.681821,0.46703,0.677353,0.417136,0.675461,0.375133,0.727534,0.550649,0.732441,0.479816,0.736741,0.434578,0.740203,0.394257,0.76257,0.573125,0.7849,0.521382,0.799753,0.486549,0.81222,0.453646,1
0.711804,0.733918,0.657596,0.719062,0.6159,0.679731,0.584883,0.639444,0.55261,0.61245,0.655649,0.561985,0.637701,0.494952,0.62784,0.451819,0.622894,0.414084,0.692014,0.545967,0.682366,0.466081,0.678918,0.415512,0.678349,0.373739,0.727843,0.551136,0.733059,0.479159,0.737381,0.432935,0.740791,0.392728,0.762893,0.573234,0.78558,0.522647,0.799897,0.488604,0.811675,0.457224,1
0.712898,0.733056,0.658611,0.719223,0.61562,0.679259,0.585368,0.637905,0.553587,0.611009,0.656301,0.561472,0.638232,0.493343,0.627747,0.448744,0.621933,0.410123,0.693172,0.545358,0.683855,0.465026,0.680484,0.414348,0.679926,0.371213,0.729412,0.550774,0.734397,0.476363,0.738821,0.428438,0.742562,0.385633,0.764703,0.573839,0.787437,0.522533,0.802583,0.487595,0.81558,0.454926,1
0.712738,0.734788,0.65801,0.720348,0.616093,0.68002,0.585768,0.638748,0.554173,0.610197,0.657413,0.560743,0.638752,0.493139,0.628272,0.448605,0.622924,0.410213,0.694063,0.544973,0.683921,0.465686,0.679913,0.414661,0.678751,0.372031,0.730099,0.55047,0.735288,0.47695,0.740443,0.429212,0.744847,0.386429,0.765046,0.573057,0.788843,0.521866,0.804719,0.486685,0.818312,0.453116,1
0.712576,0.734975,0.658158,0.720965,0.616211,0.680881,0.585928,0.638942,0.554079,0.610465,0.658372,0.562201,0.640452,0.495733,0.630146,0.452269,0.62451,0.414242,0.694919,0.545987,0.685212,0.467329,0.681557,0.416852,0.680585,0.374871,0.731035,0.55106,0.735998,0.478756,0.740856,0.432083,0.74473,0.390994,0.766155,0.573186,0.789796,0.521874,0.805503,0.487212,0.818713,0.454864,1
0.714383,0.734675,0.658985,0.719771,0.616501,0.678524,0.586041,0.636609,0.553981,0.610644,0.658397,0.563271,0.640495,0.496038,0.630772,0.452156,0.625753,0.413247,0.695188,0.54715,0.685837,0.467039,0.681881,0.415498,0.680472,0.371751,0.731032,0.552227,0.736428,0.480786,0.740884,0.433635,0.74424,0.391997,0.765618,0.573883,0.789678,0.52366,0.805814,0.489368,0.819556,0.457224,1
0.71356,0.734271,0.658854,0.719861,0.616286,0.678779,0.586256,0.637148,0.554726,0.609452,0.6574,0.561425,0.639483,0.493537,0.628773,0.448518,0.622431,0.409677,0.6947,0.545551,0.685302,0.466861,0.682188,0.416558,0.681709,0.374019,0.731363,0.55099,0.736312,0.478578,0.74183,0.431509,0.746484,0.389431,0.767019,0.573368,0.791182,0.522408,0.807739,0.488517,0.82204,0.456637,1
0.713049,0.735116,0.658959,0.720191,0.616931,0.678776,0.587137,0.637582,0.555863,0.610394,0.657451,0.561974,0.638998,0.495012,0.62814,0.449863,0.622324,0.410547,0.694742,0.545459,0.684676,0.46636,0.680918,0.414743,0.679698,0.371005,0.731346,0.55085,0.736903,0.478188,0.743263,0.430752,0.748217,0.387732,0.7666,0.573647,0.791869,0.523757,0.809688,0.490629,0.824796,0.45899,1
0.713056,0.738307,0.657743,0.724171,0.617343,0.683853,0.587547,0.641686,0.555055,0.614038,0.659195,0.566174,0.640644,0.498137,0.629189,0.452598,0.622829,0.41265,0.695701,0.550556,0.685751,0.470681,0.681544,0.418582,0.679573,0.374286,0.731184,0.556128,0.736999,0.483691,0.743012,0.436203,0.7473,0.393634,0.765562,0.578248,0.790399,0.526617,0.807182,0.491482,0.821134,0.458104,1
0.713881,0.739447,0.658335,0.723735,0.616668,0.683329,0.586491,0.6416,0.554676,0.613735,0.658838,0.566873,0.639805,0.501108,0.628459,0.457232,0.621961,0.419033,0.695464,0.551137,0.685107,0.472315,0.681286,0.421138,0.679749,0.377556,0.731456,0.556906,0.737694,0.485206,0.743698,0.43798,0.74791,0.395225,0.766522,0.579263,0.79149,0.527273,0.807424,0.491426,0.820426,0.456496,1
0.713375,0.738941,0.65866,0.723503,0.616592,0.681274,0.586296,0.639378,0.554419,0.611744,0.658698,0.565824,0.640704,0.500059,0.630406,0.456492,0.62501,0.418164,0.69546,0.549473,0.686038,0.469795,0.682788,0.418476,0.68195,0.375673,0.731383,0.554667,0.737675,0.483068,0.743302,0.436057,0.747409,0.394428,0.76622,0.576541,0.791561,0.525684,0.808301,0.490703,0.822334,0.457287,1
0.714642,0.737806,0.65957,0.723185,0.617248,0.682247,0.5862,0.6411,0.554004,0.613369,0.659184,0.565312,0.640632,0.499082,0.630023,0.455471,0.623887,0.417127,0.695883,0.548841,0.686066,0.47032,0.68211,0.419644,0.680452,0.376399,0.731895,0.553946,0.738293,0.482314,0.744033,0.435183,0.748334,0.392642,0.766724,0.575801,0.79185,0.5245,0.808819,0.489628,0.823253,0.455909,1
0.71363,0.736658,0.657902,0.720642,0.613489,0.676998,0.582839,0.635705,0.552605,0.608689,0.658097,0.56201,0.640529,0.495012,0.630459,0.451055,0.624261,0.412823,0.694849,0.545926,0.685834,0.46685,0.68245,0.416571,0.681244,0.374757,0.73049,0.550775,0.736446,0.480156,0.741347,0.433511,0.744964,0.392218,0.765128,0.57245,0.788946,0.52261,0.804883,0.489341,0.818388,0.458095,1
0.71314,0.737386,0.657383,0.722184,0.614101,0.681658,0.584294,0.639485,0.554038,0.609217,0.656849,0.561691,0.638421,0.49288,0.62805,0.447733,0.622516,0.40855,0.694223,0.545979,0.684366,0.466972,0.680437,0.416278,0.679289,0.373664,0.73056,0.551495,0.73694,0.479007,0.742506,0.43228,0.747094,0.390755,0.765619,0.574068,0.789304,0.522306,0.805044,0.486817,0.818543,0.453369,1
0.712511,0.73462,0.657903,0.720174,0.614468,0.679487,0.584498,0.637482,0.554368,0.607745,0.657449,0.561603,0.63881,0.493811,0.628472,0.449013,0.623126,0.410119,0.694546,0.545773,0.685125,0.46655,0.681048,0.415659,0.679577,0.371997,0.730703,0.550932,0.736994,0.476956,0.742543,0.428718,0.747024,0.38529,0.765599,0.573526,0.790843,0.52223,0.808021,0.487195,0.822547,0.454325,1
0.713586,0.728135,0.658416,0.714001,0.614719,0.671631,0.585285,0.628323,0.554374,0.600439,0.657339,0.555835,0.638049,0.486277,0.626956,0.441236,0.620984,0.401844,0.694753,0.540348,0.685398,0.460584,0.680844,0.410408,0.678937,0.366841,0.731289,0.545108,0.737124,0.471549,0.741639,0.424663,0.745151,0.382471,0.766718,0.566248,0.79014,0.513408,0.805747,0.47849,0.818892,0.445641,1
0.713576,0.727827,0.65849,0.713663,0.615947,0.6709,0.586902,0.626825,0.556179,0.599137,0.6581,0.554171,0.640244,0.482805,0.629355,0.436008,0.622762,0.395408,0.695317,0.538176,0.686912,0.458375,0.682821,0.407336,0.680447,0.36401,0.731515,0.542794,0.737952,0.472361,0.743229,0.425947,0.746707,0.384548,0.766476,0.563907,0.790298,0.514037,0.805542,0.48006,0.818258,0.447921,1
0.71223,0.720555,0.657737,0.705744,0.614327,0.662186,0.585772,0.618188,0.554918,0.59216,0.656073,0.545571,0.63929,0.47407,0.629194,0.428513,0.622842,0.38853,0.693333,0.531091,0.684424,0.453515,0.67966,0.405079,0.67694,0.362968,0.72958,0.535712,0.735374,0.466127,0.740008,0.4228,0.743564,0.38401,0.764824,0.55546,0.785815,0.502364,0.800141,0.467775,0.812457,0.435147,1
0.711686,0.714587,0.657166,0.699337,0.61468,0.655435,0.58655,0.612551,0.556008,0.586172,0.655163,0.539063,0.639642,0.468066,0.62957,0.423176,0.622436,0.384531,0.69269,0.525208,0.684226,0.448974,0.678123,0.40257,0.672942,0.361964,0.728871,0.529862,0.733064,0.455796,0.73432,0.409294,0.733912,0.366835,0.763824,0.550721,0.784659,0.496664,0.797752,0.461299,0.807737,0.427565,1
0.71163,0.713074,0.656385,0.699109,0.614792,0.656165,0.587412,0.612636,0.556949,0.584202,0.656274,0.536287,0.640497,0.467191,0.630354,0.422938,0.623868,0.384612,0.693371,0.520666,0.683398,0.444498,0.678174,0.396424,0.675328,0.355401,0.729472,0.524783,0.733917,0.453974,0.736936,0.411062,0.738891,0.372892,0.764568,0.545316,0.785438,0.492266,0.79857,0.457407,0.809529,0.424553,1
0.712854,0.707682,0.657347,0.695248,0.615297,0.653762,0.587832,0.61055,0.557333,0.581504,0.656386,0.535117,0.638848,0.467946,0.62695,0.424957,0.618605,0.387441,0.692831,0.519322,0.683529,0.444354,0.67813,0.397629,0.674576,0.356416,0.72874,0.52358,0.73292,0.45119,0.734601,0.40576,0.73507,0.36363,0.764178,0.544535,0.785188,0.488845,0.79812,0.452262,0.808273,0.416705,1
0.71138,0.708326,0.656834,0.694584,0.615812,0.651694,0.588602,0.608719,0.558101,0.580333,0.655462,0.532833,0.638332,0.46469,0.626976,0.420335,0.619053,0.38186,0.692394,0.517814,0.68244,0.443901,0.675829,0.397785,0.670279,0.357348,0.72864,0.522073,0.732723,0.449447,0.733276,0.403157,0.731959,0.360447,0.764148,0.543221,0.786019,0.488394,0.798856,0.45197,0.808184,0.41652,1
0.709151,0.706902,0.653901,0.692275,0.611708,0.650132,0.584631,0.607608,0.55447,0.580817,0.65435,0.531986,0.635258,0.464355,0.623285,0.41943,0.615223,0.380397,0.691367,0.517086,0.681272,0.442276,0.675211,0.395389,0.671006,0.353802,0.727331,0.52112,0.730595,0.448663,0.731748,0.40211,0.731989,0.359089,0.762686,0.541121,0.783839,0.485706,0.797881,0.4497,0.809036,0.415053,1
0.708423,0.707609,0.653339,0.695596,0.611755,0.653728,0.58524,0.609219,0.554049,0.579787,0.652705,0.534088,0.634267,0.464691,0.622535,0.418765,0.614691,0.378673,0.689958,0.518317,0.679779,0.441695,0.673266,0.393881,0.668311,0.351031,0.726115,0.522638,0.729775,0.447878,0.730298,0.400034,0.72937,0.355751,0.761738,0.543932,0.782945,0.487903,0.795398,0.450345,0.804656,0.413644,1
0.706192,0.708708,0.651273,0.695255,0.610212,0.653163,0.584323,0.608973,0.553431,0.582254,0.651722,0.533164,0.63419,0.466051,0.622439,0.421485,0.614388,0.382559,0.688883,0.517666,0.679782,0.442351,0.673683,0.395076,0.668979,0.353239,0.725445,0.522117,0.729463,0.448307,0.730115,0.402045,0.729215,0.359557,0.761553,0.543702,0.78275,0.487838,0.794688,0.450726,0.803542,0.414956,1
0.706504,0.709329,0.650877,0.695673,0.609906,0.653735,0.58412,0.609436,0.553733,0.579767,0.651544,0.533411,0.633772,0.465159,0.622236,0.419717,0.614307,0.380099,0.688978,0.518154,0.679415,0.443531,0.673206,0.396655,0.66858,0.354736,0.725404,0.522457,0.728376,0.449105,0.728675,0.401941,0.727936,0.358362,0.761477,0.543303,0.782872,0.487848,0.795654,0.4505,0.805519,0.414143,1
0.706989,0.709624,0.651808,0.696698,0.60984,0.654233,0.582909,0.609704,0.551496,0.581953,0.651298,0.535355,0.633898,0.467937,0.622796,0.422818,0.615767,0.383513,0.688527,0.519038,0.678264,0.443042,0.672417,0.394986,0.668627,0.352921,0.725303,0.522658,0.727776,0.448284,0.728148,0.40042,0.727675,0.35647,0.761984,0.542753,0.783059,0.485954,0.795716,0.447686,0.805566,0.41063,1
0.704691,0.708428,0.649556,0.692883,0.607202,0.6497,0.580422,0.606996,0.550488,0.579466,0.649288,0.531483,0.631186,0.464287,0.620042,0.420623,0.612974,0.382118,0.686607,0.516739,0.677296,0.441024,0.671926,0.394472,0.668362,0.354032,0.722966,0.521576,0.726303,0.449163,0.726044,0.404098,0.724689,0.363068,0.758883,0.542578,0.779737,0.486652,0.792217,0.449371,0.801668,0.413671,1
0.702472,0.70791,0.647827,0.695287,0.606755,0.653681,0.580686,0.60954,0.55005,0.581019,0.647519,0.532823,0.629982,0.466315,0.619722,0.42245,0.614095,0.383708,0.685327,0.517245,0.676515,0.441482,0.671257,0.393688,0.667839,0.352252,0.721839,0.522209,0.726783,0.450548,0.727282,0.405033,0.726244,0.36409,0.757326,0.544175,0.779355,0.488183,0.791174,0.449407,0.79976,0.411772,1
0.702572,0.707348,0.646656,0.694768,0.604962,0.652984,0.578277,0.608942,0.54717,0.580528,0.646761,0.532942,0.629062,0.466164,0.618788,0.422535,0.612749,0.384012,0.684484,0.517932,0.675339,0.442034,0.670156,0.3955,0.666925,0.354681,0.72107,0.523151,0.724805,0.45038,0.724068,0.403696,0.722268,0.361122,0.757261,0.544968,0.778435,0.488908,0.789267,0.450249,0.796817,0.412507,1
0.696382,0.709386,0.641443,0.697142,0.599426,0.654392,0.57351,0.610811,0.542113,0.584192,0.639893,0.536254,0.621828,0.469642,0.612328,0.426247,0.606974,0.389001,0.677627,0.521766,0.669397,0.446027,0.666329,0.400675,0.665288,0.362184,0.713213,0.527709,0.719034,0.456419,0.719516,0.410321,0.718239,0.368095,0.747679,0.550422,0.769601,0.500168,0.780662,0.463857,0.787883,0.427528,1
0.697262,0.710223,0.642269,0.697542,0.600491,0.65569,0.573537,0.61341,0.542323,0.586486,0.641323,0.5378,0.622552,0.471419,0.610966,0.428846,0.602615,0.392432,0.678346,0.522378,0.669101,0.447313,0.66303,0.401474,0.657988,0.361425,0.713998,0.527052,0.717103,0.455286,0.71507,0.408195,0.711464,0.364801,0.748767,0.549005,0.768174,0.496377,0.777276,0.459384,0.782676,0.423184,1
0.693829,0.714368,0.638927,0.700595,0.597762,0.658351,0.571264,0.615654,0.539845,0.590499,0.639625,0.542183,0.620862,0.475929,0.609719,0.431248,0.602459,0.392481,0.676109,0.528293,0.666451,0.452747,0.66106,0.404984,0.656976,0.363224,0.710803,0.534707,0.714999,0.465295,0.714562,0.417858,0.711937,0.374156,0.744402,0.558221,0.765017,0.509941,0.774442,0.474937,0.779737,0.440337,1
0.693582,0.717378,0.638948,0.704585,0.598447,0.663243,0.572444,0.620342,0.541873,0.594016,0.638321,0.547914,0.62172,0.48052,0.612046,0.435458,0.60623,0.396327,0.674794,0.533617,0.667191,0.456391,0.661375,0.407487,0.656415,0.364299,0.709443,0.540166,0.714568,0.467485,0.714152,0.420603,0.711573,0.377418,0.742578,0.56512,0.762619,0.518079,0.7714,0.48448,0.77677,0.451438,1
0.696847,0.717715,0.641778,0.704013,0.600426,0.664767,0.572749,0.623731,0.542169,0.597408,0.640307,0.550047,0.623223,0.483153,0.612625,0.439438,0.605304,0.401919,0.676645,0.535439,0.668607,0.458474,0.662448,0.410065,0.656677,0.368062,0.711374,0.541738,0.716185,0.470385,0.716344,0.424634,0.714054,0.383459,0.744644,0.565998,0.765015,0.518877,0.775306,0.48792,0.782216,0.45909,1
0.697686,0.723672,0.643323,0.708721,0.603276,0.669894,0.576248,0.629158,0.54587,0.602342,0.642734,0.556935,0.625724,0.491424,0.615378,0.448598,0.608673,0.411469,0.679493,0.542852,0.670816,0.467796,0.665712,0.418689,0.662082,0.376004,0.714991,0.549179,0.72185,0.480514,0.725674,0.436477,0.727488,0.396861,0.749027,0.572426,0.76928,0.524789,0.78142,0.492936,0.791219,0.46319,1
0.699604,0.726644,0.645439,0.712026,0.604194,0.672059,0.576954,0.631208,0.547231,0.60375,0.64395,0.559015,0.627533,0.493758,0.616853,0.452437,0.609437,0.41626,0.680353,0.543862,0.671136,0.466264,0.664813,0.416983,0.65968,0.374082,0.715862,0.549204,0.72149,0.476409,0.724093,0.430407,0.724402,0.389012,0.750501,0.57206,0.772248,0.52077,0.784224,0.485671,0.793036,0.452371,1
0.702358,0.731668,0.646907,0.717114,0.605971,0.67701,0.578334,0.635038,0.549261,0.604977,0.646576,0.56188,0.630479,0.495886,0.620329,0.453325,0.613835,0.416117,0.683566,0.547566,0.675398,0.468956,0.669512,0.418853,0.664889,0.375467,0.71902,0.553217,0.723215,0.479491,0.723531,0.43159,0.722438,0.388748,0.753224,0.576181,0.774693,0.525332,0.78751,0.490455,0.797784,0.457524,1
0.702801,0.732469,0.648317,0.717469,0.606657,0.675118,0.579093,0.633942,0.549656,0.607069,0.646733,0.563035,0.631631,0.497567,0.622304,0.455349,0.615977,0.417927,0.683695,0.548548,0.675925,0.469992,0.670482,0.42032,0.666331,0.376987,0.719302,0.554307,0.72398,0.482171,0.725554,0.435281,0.725693,0.392878,0.753546,0.5772,0.774218,0.527525,0.786957,0.493708,0.797165,0.46154,1
0.702045,0.73632,0.648284,0.720091,0.608436,0.679637,0.580873,0.638831,0.552497,0.608356,0.650692,0.565992,0.635064,0.501826,0.625798,0.460196,0.620162,0.42337,0.686941,0.55294,0.678894,0.474629,0.673705,0.424346,0.670217,0.381218,0.722156,0.560541,0.72832,0.487318,0.731758,0.439432,0.73384,0.396541,0.756199,0.58585,0.778173,0.536384,0.792427,0.502746,0.804141,0.471304,1
0.702641,0.740186,0.647392,0.725724,0.606862,0.684344,0.580301,0.640997,0.551286,0.610611,0.650562,0.570379,0.634206,0.504166,0.624936,0.460184,0.61977,0.421161,0.686797,0.556225,0.677838,0.475393,0.672327,0.423608,0.668756,0.37858,0.721887,0.562914,0.726838,0.486794,0.728687,0.438022,0.729364,0.394133,0.755997,0.587169,0.780028,0.537075,0.794867,0.502298,0.806821,0.468589,1
0.70447,0.748322,0.648826,0.732507,0.609401,0.691518,0.582094,0.649244,0.551969,0.620133,0.652754,0.57788,0.63597,0.509772,0.62642,0.464773,0.620951,0.425767,0.689129,0.565284,0.680379,0.483323,0.675556,0.430506,0.672869,0.385958,0.724158,0.572797,0.728816,0.495807,0.730973,0.445539,0.732494,0.400835,0.757957,0.597706,0.784153,0.547724,0.801375,0.512544,0.815981,0.478903,1
0.705376,0.749108,0.650478,0.73382,0.609505,0.692175,0.580901,0.649792,0.551502,0.619207,0.652375,0.578957,0.634962,0.510092,0.625334,0.464409,0.620614,0.424182,0.689523,0.564317,0.681092,0.479997,0.676326,0.426109,0.673707,0.380176,0.725143,0.571087,0.730379,0.492877,0.732915,0.443022,0.734509,0.398842,0.759097,0.595801,0.784794,0.5445,0.802363,0.509211,0.816923,0.475595,1
0.704769,0.749797,0.649699,0.734026,0.60963,0.691535,0.581548,0.648677,0.55204,0.618786,0.654501,0.576569,0.637607,0.5079,0.628619,0.463238,0.624211,0.424104,0.690655,0.562952,0.682223,0.477799,0.677106,0.424161,0.673815,0.379375,0.725857,0.570217,0.73217,0.49012,0.735676,0.438882,0.738097,0.393788,0.759909,0.595326,0.785652,0.543427,0.802309,0.507403,0.816049,0.473386,1
0.705274,0.749367,0.650682,0.731559,0.609449,0.689264,0.580191,0.64643,0.550412,0.615027,0.654984,0.576303,0.63713,0.508469,0.627113,0.463952,0.621646,0.424247,0.690963,0.562249,0.681611,0.4788,0.676478,0.425613,0.673168,0.380131,0.726223,0.56929,0.732814,0.49231,0.73748,0.441994,0.740732,0.396867,0.760244,0.593822,0.785281,0.541625,0.802068,0.50541,0.815967,0.470752,1
0.709976,0.746105,0.654551,0.729739,0.613013,0.68555,0.58356,0.64236,0.553482,0.612641,0.656308,0.572483,0.639289,0.503479,0.629685,0.458515,0.624162,0.419282,0.692938,0.558025,0.68432,0.474662,0.680065,0.421573,0.678082,0.376481,0.728731,0.56483,0.734919,0.486071,0.740353,0.436053,0.744793,0.390682,0.76304,0.589356,0.788004,0.537265,0.804816,0.501331,0.819296,0.466155,1
0.707752,0.748044,0.652851,0.729548,0.611097,0.682989,0.58168,0.639506,0.551883,0.611,0.656154,0.570278,0.637826,0.502434,0.627602,0.457465,0.622092,0.418855,0.692762,0.556153,0.683387,0.473893,0.678684,0.421214,0.676422,0.37688,0.728583,0.56326,0.736116,0.486824,0.741846,0.437296,0.746446,0.393043,0.762591,0.588018,0.788407,0.537727,0.806293,0.502977,0.82163,0.469952,1
0.707773,0.747078,0.651717,0.729215,0.609226,0.68318,0.580234,0.638357,0.550278,0.607581,0.654887,0.56986,0.636304,0.501209,0.625409,0.456901,0.618684,0.418404,0.691942,0.555253,0.682154,0.471771,0.678322,0.418658,0.676718,0.374212,0.727997,0.562251,0.735041,0.486957,0.741226,0.437599,0.74581,0.393035,0.7624,0.586226,0.787177,0.535368,0.804016,0.500813,0.818025,0.467624,1
0.706962,0.747056,0.650825,0.729735,0.608959,0.683326,0.580579,0.637962,0.550472,0.608586,0.653739,0.569523,0.636062,0.501907,0.626625,0.457471,0.621912,0.418633,0.690768,0.554755,0.68166,0.47185,0.678344,0.419246,0.677583,0.375164,0.727113,0.561496,0.733659,0.486428,0.739499,0.438316,0.744117,0.395778,0.762256,0.585264,0.788183,0.532811,0.806312,0.497693,0.821695,0.464706,1
0.707313,0.744344,0.651255,0.727821,0.609053,0.68274,0.58044,0.638282,0.550582,0.608845,0.653305,0.567264,0.635041,0.498495,0.625287,0.453577,0.620407,0.414869,0.690947,0.552889,0.68132,0.469993,0.677335,0.417874,0.676136,0.373921,0.727785,0.560037,0.734468,0.484383,0.740598,0.436032,0.745634,0.393092,0.763233,0.584666,0.789211,0.532261,0.807274,0.497244,0.82249,0.464159,1
0.707853,0.74589,0.651725,0.727666,0.609375,0.681762,0.580385,0.637547,0.550429,0.60809,0.654546,0.567075,0.637181,0.499941,0.627702,0.456221,0.622524,0.418001,0.692199,0.552388,0.683365,0.471207,0.679609,0.419988,0.678032,0.376636,0.72872,0.558746,0.735079,0.484323,0.7402,0.436325,0.744004,0.393559,0.763869,0.582454,0.789339,0.531801,0.806927,0.497363,0.821826,0.46485,1
0.710731,0.746926,0.654739,0.729122,0.61224,0.683625,0.58275,0.63946,0.552951,0.608991,0.655873,0.568318,0.638105,0.499581,0.628333,0.454848,0.622643,0.416423,0.693251,0.553514,0.684214,0.472515,0.680614,0.420835,0.678833,0.377438,0.730115,0.560195,0.736996,0.485013,0.743165,0.436176,0.747711,0.392608,0.76565,0.5843,0.792257,0.53278,0.810063,0.497209,0.825114,0.463336,1
0.714597,0.749277,0.658051,0.730859,0.61599,0.684062,0.58599,0.639347,0.555387,0.607741,0.658453,0.56822,0.641305,0.496776,0.630821,0.44896,0.624294,0.408201,0.697642,0.553402,0.689681,0.472436,0.685622,0.420092,0.682815,0.37545,0.73581,0.560513,0.741622,0.485542,0.746113,0.436049,0.749375,0.390971,0.772196,0.585941,0.796527,0.535251,0.813023,0.500754,0.82751,0.467606,1
0.718377,0.748629,0.66253,0.731106,0.61825,0.685266,0.587167,0.640535,0.556578,0.608501,0.659796,0.569777,0.642031,0.4992,0.632218,0.452167,0.627449,0.411429,0.698882,0.553465,0.690111,0.472099,0.686607,0.419463,0.685177,0.375323,0.737296,0.559607,0.741733,0.485406,0.745218,0.43709,0.748015,0.393915,0.774477,0.58352,0.797556,0.532833,0.812423,0.497836,0.825496,0.464505,1
0.722263,0.749856,0.666411,0.732051,0.622528,0.688517,0.591367,0.643707,0.560116,0.611101,0.662552,0.569338,0.645285,0.4952,0.635703,0.44568,0.631153,0.402846,0.703313,0.553745,0.693943,0.471137,0.688428,0.416414,0.684606,0.369674,0.742772,0.560405,0.747512,0.485736,0.749988,0.435983,0.751515,0.391106,0.780302,0.585095,0.804023,0.532707,0.81969,0.496969,0.832797,0.46279,1
0.723997,0.750085,0.666793,0.73262,0.621859,0.687218,0.590891,0.642262,0.560733,0.609559,0.66466,0.568532,0.647336,0.495932,0.637444,0.44713,0.632303,0.405047,0.705336,0.552816,0.697217,0.472066,0.692568,0.419419,0.689274,0.373959,0.744562,0.559528,0.750143,0.483487,0.752901,0.432322,0.75464,0.384888,0.782271,0.584876,0.807481,0.532298,0.822726,0.494851,0.835381,0.457829,1
0.727236,0.752559,0.670442,0.734427,0.625779,0.690012,0.595995,0.644096,0.564939,0.611041,0.668957,0.567922,0.651527,0.493688,0.642214,0.444748,0.638319,0.401104,0.710224,0.551634,0.700951,0.46655,0.693696,0.411455,0.688185,0.362899,0.750642,0.557898,0.758031,0.474716,0.760379,0.4197,0.761441,0.368997,0.789868,0.583535,0.816869,0.524341,0.833015,0.481734,0.845651,0.440191,1
0.730256,0.752639,0.672301,0.734851,0.626615,0.687974,0.596611,0.641833,0.565197,0.609942,0.670719,0.568793,0.652738,0.494545,0.643037,0.445668,0.637458,0.401664,0.711929,0.55233,0.702383,0.46538,0.695769,0.410888,0.689806,0.362225,0.752326,0.558229,0.759511,0.474268,0.763128,0.41767,0.764646,0.365086,0.791818,0.582907,0.819327,0.521279,0.837019,0.478479,0.850648,0.436734,1
0.734018,0.753959,0.674752,0.735217,0.629577,0.690494,0.598063,0.644521,0.565122,0.611159,0.674792,0.566603,0.657151,0.489263,0.646033,0.439016,0.638372,0.393732,0.716449,0.550933,0.70671,0.465356,0.697782,0.410523,0.688934,0.360151,0.757024,0.557126,0.763985,0.472788,0.766449,0.415819,0.76642,0.361898,0.796443,0.582515,0.822901,0.524338,0.838498,0.482567,0.850484,0.441246,1
0.734573,0.754474,0.675994,0.736144,0.629934,0.690557,0.597661,0.644268,0.564928,0.610791,0.675292,0.566313,0.656717,0.489786,0.6451,0.439121,0.637039,0.393428,0.716536,0.549955,0.706485,0.465608,0.697688,0.41186,0.688983,0.362978,0.756779,0.555617,0.763945,0.472728,0.76659,0.416723,0.766709,0.36335,0.795932,0.580496,0.822989,0.522901,0.839387,0.481727,0.852049,0.440689,1
0.739203,0.758263,0.679138,0.739468,0.634764,0.694346,0.603391,0.646584,0.569759,0.613543,0.68115,0.568023,0.662708,0.488259,0.649671,0.436951,0.640634,0.390719,0.722867,0.551431,0.712014,0.463181,0.702511,0.406188,0.693199,0.354425,0.764428,0.557423,0.772123,0.47306,0.775636,0.418819,0.776334,0.368699,0.804824,0.582526,0.830203,0.520441,0.846341,0.478731,0.85927,0.43869,1
0.743039,0.75867,0.682322,0.741309,0.636404,0.696667,0.604069,0.64865,0.569038,0.614725,0.683898,0.567973,0.665296,0.486773,0.652901,0.4347,0.644077,0.38745,0.725322,0.552447,0.714727,0.463408,0.705961,0.406957,0.697173,0.355932,0.766401,0.559708,0.774616,0.476532,0.777923,0.421221,0.778453,0.369888,0.806817,0.586113,0.834578,0.525035,0.851295,0.482906,0.8642,0.442042,1
0.742399,0.76033,0.682024,0.743457,0.634864,0.697508,0.603152,0.649003,0.569801,0.614988,0.682422,0.570147,0.663784,0.490043,0.652341,0.436969,0.645331,0.389259,0.724638,0.552283,0.714479,0.461663,0.706848,0.403651,0.699878,0.352597,0.765919,0.557935,0.773918,0.475056,0.777196,0.420275,0.778061,0.370696,0.806028,0.583163,0.833717,0.522663,0.850771,0.481156,0.86418,0.441939,1
0.743509,0.761886,0.683047,0.745491,0.636727,0.700384,0.603663,0.652615,0.56802,0.618471,0.683581,0.572745,0.665607,0.494194,0.654813,0.442365,0.648042,0.395643,0.725996,0.554745,0.715908,0.463282,0.70817,0.404536,0.700698,0.352168,0.767372,0.561026,0.776282,0.474271,0.779197,0.414933,0.779116,0.359411,0.807423,0.587629,0.837136,0.527662,0.854517,0.484888,0.867293,0.44298,1
0.744281,0.763245,0.684698,0.745011,0.636784,0.699691,0.603899,0.652433,0.570021,0.619265,0.683799,0.574051,0.665244,0.49729,0.655289,0.445355,0.650345,0.398432,0.725788,0.554843,0.716251,0.462237,0.709677,0.40289,0.703849,0.351032,0.766816,0.55981,0.775971,0.473048,0.779467,0.413659,0.78032,0.359931,0.8068,0.585383,0.836071,0.526268,0.853553,0.483725,0.866543,0.443387,1
0.744564,0.769547,0.684537,0.749822,0.638617,0.705394,0.605851,0.658566,0.569893,0.624788,0.686175,0.577977,0.667213,0.500984,0.656842,0.449506,0.651597,0.401939,0.728272,0.560481,0.718659,0.469181,0.710788,0.409118,0.703338,0.35426,0.768806,0.567007,0.778379,0.478096,0.782106,0.416883,0.782447,0.359047,0.808176,0.59453,0.838109,0.535817,0.854864,0.492446,0.866498,0.449421,1
0.746529,0.770212,0.686321,0.751182,0.639675,0.707106,0.607389,0.659453,0.571499,0.625858,0.687573,0.578114,0.668433,0.500722,0.657999,0.448904,0.652588,0.40107,0.729917,0.56041,0.720234,0.468775,0.713078,0.409873,0.706223,0.355311,0.770816,0.567636,0.779972,0.479049,0.784285,0.418192,0.785151,0.360275,0.811015,0.596418,0.841316,0.538396,0.858142,0.495049,0.869627,0.451681,1
0.746249,0.772309,0.686524,0.752479,0.64025,0.708102,0.607385,0.661308,0.571173,0.62878,0.687702,0.579687,0.668418,0.5001,0.657929,0.447055,0.652921,0.398897,0.730549,0.563678,0.720976,0.471536,0.714539,0.41193,0.70914,0.356849,0.77171,0.571359,0.781504,0.482292,0.786036,0.420288,0.787333,0.361472,0.812182,0.599573,0.843198,0.540442,0.860032,0.496491,0.871539,0.452571,1
0.746049,0.774866,0.684912,0.75536,0.637825,0.711839,0.606423,0.664951,0.571535,0.630665,0.687215,0.579725,0.667704,0.500042,0.657228,0.447087,0.652239,0.398995,0.730659,0.563512,0.720819,0.47019,0.714436,0.410835,0.709152,0.356284,0.772104,0.571466,0.78169,0.483224,0.786595,0.42213,0.788359,0.364629,0.813078,0.600222,0.843742,0.541404,0.860583,0.498166,0.872187,0.454741,1
0.749058,0.773675,0.688053,0.75638,0.640637,0.71349,0.607049,0.665783,0.569912,0.631913,0.688052,0.584401,0.66849,0.50312,0.658014,0.448681,0.653627,0.398636,0.731542,0.566747,0.72181,0.471706,0.715837,0.410487,0.711631,0.354067,0.773411,0.573636,0.782476,0.483245,0.786941,0.421021,0.788523,0.362725,0.814568,0.601179,0.845591,0.540447,0.862972,0.496075,0.875239,0.451825,1
0.749275,0.777758,0.68792,0.758597,0.639596,0.713742,0.606396,0.666179,0.570456,0.632822,0.687746,0.584978,0.66827,0.502719,0.657768,0.4482,0.65294,0.399129,0.731143,0.568664,0.721537,0.471444,0.715802,0.408828,0.711453,0.351978,0.772745,0.576124,0.782649,0.483639,0.787716,0.419187,0.789621,0.359488,0.813686,0.603602,0.845342,0.541794,0.863022,0.496673,0.875264,0.452028,1
0.748864,0.775384,0.68774,0.756837,0.638711,0.712989,0.605678,0.66581,0.570295,0.632803,0.686922,0.583683,0.667747,0.502419,0.657106,0.448823,0.651789,0.399936,0.73069,0.567572,0.720786,0.472685,0.71419,0.411959,0.708566,0.356119,0.772671,0.575309,0.782711,0.483997,0.787487,0.420363,0.788853,0.360694,0.81425,0.603452,0.846173,0.542743,0.863319,0.497562,0.874872,0.452492,1
0.748943,0.774942,0.687725,0.756338,0.63865,0.712018,0.604499,0.66507,0.568136,0.6321,0.686738,0.583586,0.667505,0.501221,0.657389,0.447204,0.652788,0.397907,0.730338,0.567456,0.721107,0.470142,0.71517,0.407736,0.710336,0.350645,0.772019,0.575651,0.782348,0.481888,0.788279,0.417962,0.790875,0.358249,0.813206,0.603968,0.845257,0.541679,0.863615,0.496208,0.876526,0.450882,1
0.74766,0.77602,0.686209,0.757647,0.637704,0.713586,0.60472,0.665975,0.569074,0.63132,0.686624,0.583903,0.667536,0.504003,0.657625,0.450778,0.653195,0.401735,0.730573,0.566803,0.721353,0.471408,0.714991,0.409505,0.709848,0.352575,0.772537,0.574775,0.783643,0.4824,0.788773,0.41832,0.790723,0.357727,0.813548,0.603692,0.845515,0.542856,0.863139,0.497407,0.875574,0.451553,1
0.74676,0.776494,0.685813,0.758055,0.636985,0.713326,0.60294,0.665616,0.566076,0.633356,0.685885,0.583875,0.666632,0.502407,0.655921,0.448357,0.650466,0.39854,0.730094,0.566803,0.72118,0.470404,0.714757,0.408027,0.709037,0.350399,0.772169,0.574626,0.783092,0.48187,0.788547,0.417284,0.790371,0.356357,0.813314,0.602991,0.846583,0.540853,0.865434,0.494959,0.878545,0.449095,1
0.747381,0.77721,0.68588,0.758771,0.636538,0.714828,0.602472,0.667022,0.565826,0.633414,0.686061,0.584418,0.66725,0.502787,0.657368,0.448845,0.653001,0.399304,0.729969,0.567479,0.721161,0.469037,0.715083,0.405506,0.710251,0.347662,0.771882,0.575446,0.783467,0.481258,0.789529,0.416323,0.792042,0.356209,0.812832,0.604142,0.845404,0.542509,0.863537,0.497408,0.875934,0.452652,1
0.746865,0.775917,0.685831,0.75774,0.636421,0.715054,0.601331,0.668348,0.564154,0.633801,0.68516,0.584,0.666107,0.502205,0.6563,0.448155,0.652226,0.398199,0.729723,0.566842,0.720946,0.469189,0.71469,0.406283,0.709341,0.348468,0.772203,0.575163,0.784116,0.480566,0.789432,0.415163,0.791212,0.353568,0.813283,0.604538,0.846454,0.541639,0.864906,0.494949,0.877709,0.4478,1
0.744489,0.774981,0.684782,0.756177,0.634744,0.713227,0.600063,0.667115,0.56311,0.633283,0.682467,0.584163,0.663886,0.501091,0.654589,0.446187,0.651017,0.395566,0.727403,0.567301,0.719204,0.467935,0.713885,0.40373,0.709575,0.344699,0.770063,0.575414,0.782588,0.480908,0.788571,0.414967,0.790489,0.35404,0.811899,0.604456,0.845272,0.541619,0.863712,0.495413,0.875749,0.449803,1
0.745087,0.774823,0.683482,0.755386,0.633326,0.712381,0.598725,0.665904,0.560968,0.63385,0.682745,0.584517,0.662993,0.501708,0.652812,0.446405,0.648544,0.395432,0.72729,0.567594,0.718762,0.468846,0.713509,0.40449,0.709533,0.345407,0.769817,0.575205,0.781269,0.480592,0.786966,0.414073,0.789309,0.352233,0.811588,0.603267,0.844697,0.540975,0.863312,0.494361,0.876283,0.447858,1
0.744005,0.774414,0.682271,0.756173,0.631627,0.713944,0.597377,0.667638,0.561096,0.633994,0.68106,0.582552,0.660896,0.498346,0.649948,0.442569,0.644643,0.391129,0.725978,0.565579,0.717129,0.46654,0.711187,0.403105,0.70626,0.344426,0.768989,0.573421,0.780593,0.478304,0.786446,0.412859,0.788873,0.351975,0.811417,0.602201,0.844267,0.539667,0.862613,0.493411,0.875489,0.447501,1
0.741821,0.773183,0.680241,0.754748,0.629762,0.712403,0.594772,0.666941,0.557182,0.633286,0.678055,0.581354,0.657435,0.496179,0.645791,0.440544,0.639025,0.388822,0.723529,0.564775,0.713828,0.467692,0.70742,0.405789,0.701252,0.347779,0.766764,0.572884,0.778536,0.4787,0.784842,0.413246,0.786947,0.351299,0.809106,0.601526,0.84319,0.53837,0.863263,0.491623,0.87701,0.444407,1
0.741046,0.771589,0.679998,0.75471,0.630017,0.713032,0.594816,0.666594,0.556924,0.631884,0.677854,0.580284,0.658059,0.495189,0.646433,0.438956,0.639775,0.386662,0.723026,0.563078,0.71388,0.465369,0.707479,0.401952,0.701373,0.342659,0.766042,0.57105,0.778179,0.477287,0.784379,0.411338,0.786375,0.349065,0.808146,0.60024,0.842059,0.538442,0.860972,0.491859,0.873667,0.445049,1
0.737399,0.769613,0.674689,0.751528,0.62356,0.707635,0.588563,0.662317,0.551165,0.630376,0.672924,0.575204,0.652933,0.490145,0.642123,0.435002,0.635546,0.38423,0.71841,0.558808,0.707956,0.461891,0.701278,0.400597,0.694598,0.344077,0.76183,0.566745,0.773153,0.474711,0.779103,0.409993,0.780872,0.349238,0.804476,0.594948,0.837884,0.532213,0.857473,0.486407,0.87086,0.440677,1
0.737275,0.769198,0.676063,0.750166,0.625811,0.708669,0.589722,0.663859,0.551557,0.630125,0.672988,0.574468,0.654045,0.490107,0.642321,0.435053,0.634898,0.384312,0.718341,0.557644,0.708827,0.458964,0.702173,0.396689,0.695481,0.339993,0.761861,0.565625,0.772581,0.471603,0.777257,0.407198,0.778074,0.346936,0.804361,0.594436,0.83725,0.531143,0.856556,0.485088,0.870325,0.439698,1
0.736348,0.767321,0.672619,0.749154,0.622184,0.70581,0.587063,0.659837,0.549199,0.627807,0.670817,0.571569,0.650013,0.486039,0.637909,0.429899,0.630592,0.378677,0.716632,0.554616,0.706819,0.454712,0.701048,0.391428,0.696377,0.334795,0.760237,0.562244,0.770585,0.469975,0.775607,0.405725,0.77774,0.34629,0.80268,0.589895,0.835233,0.52662,0.855093,0.481148,0.86993,0.436512,1
0.734556,0.767834,0.670219,0.748827,0.619297,0.705843,0.584515,0.659378,0.54739,0.62631,0.669358,0.570084,0.649881,0.485109,0.638193,0.429507,0.630559,0.379082,0.715032,0.554088,0.705738,0.455425,0.698555,0.393924,0.691124,0.338595,0.758856,0.561987,0.769397,0.467425,0.773456,0.403439,0.774154,0.344062,0.801505,0.589858,0.833812,0.525707,0.853943,0.479479,0.868986,0.434067,1
0.73027,0.765845,0.665428,0.746756,0.613858,0.702189,0.579158,0.65598,0.542731,0.623109,0.667133,0.569804,0.646061,0.483324,0.633778,0.427624,0.625512,0.377413,0.712587,0.554442,0.702541,0.454181,0.695279,0.392526,0.688366,0.337137,0.755752,0.563188,0.765598,0.468281,0.770453,0.404638,0.772551,0.345424,0.79763,0.591517,0.827596,0.524945,0.847463,0.478062,0.862922,0.432042,1
0.728948,0.766676,0.665868,0.747685,0.614969,0.703465,0.578416,0.657147,0.539421,0.625138,0.664797,0.569528,0.643617,0.484682,0.631339,0.429118,0.623746,0.379241,0.709817,0.553623,0.700294,0.452594,0.694324,0.389791,0.689367,0.333567,0.75308,0.56219,0.76347,0.466492,0.768808,0.401883,0.77146,0.341744,0.79493,0.590845,0.825556,0.524945,0.845418,0.478194,0.860639,0.43212,1
0.725703,0.768106,0.662381,0.749088,0.610761,0.706416,0.573352,0.660989,0.534998,0.626394,0.662247,0.574369,0.640319,0.489099,0.627563,0.433264,0.619505,0.382808,0.706507,0.557423,0.695725,0.456312,0.688429,0.393264,0.681923,0.336927,0.749103,0.564926,0.759212,0.469337,0.764151,0.405086,0.765935,0.345378,0.790323,0.592829,0.821217,0.527636,0.840302,0.481254,0.854391,0.435587,1
0.725973,0.768591,0.662392,0.749354,0.611169,0.705338,0.574326,0.65941,0.535993,0.625857,0.661186,0.574816,0.638989,0.489726,0.626204,0.433155,0.618159,0.382177,0.705949,0.558182,0.696632,0.457517,0.690054,0.393281,0.684189,0.335923,0.748675,0.566019,0.75906,0.471072,0.764441,0.405933,0.766857,0.345233,0.790052,0.59376,0.821421,0.528675,0.841534,0.482029,0.856713,0.436213,1
0.724629,0.769683,0.66197,0.75015,0.61091,0.704718,0.574136,0.658899,0.535221,0.627492,0.660786,0.574327,0.638447,0.490182,0.625348,0.43349,0.616997,0.382859,0.705312,0.557521,0.696268,0.457601,0.6899,0.394341,0.684159,0.338442,0.74758,0.56538,0.758473,0.470645,0.763285,0.405482,0.765141,0.344628,0.78833,0.593476,0.820376,0.52897,0.840458,0.48181,0.8555,0.435092,1
0.723803,0.772696,0.66138,0.751532,0.610204,0.705642,0.573484,0.658917,0.535079,0.626587,0.659859,0.574789,0.637815,0.489918,0.624991,0.433197,0.617254,0.382973,0.704337,0.558743,0.695201,0.457812,0.689316,0.393544,0.684258,0.337368,0.74693,0.567403,0.757892,0.472656,0.763308,0.406979,0.76594,0.346275,0.78815,0.596007,0.819803,0.531604,0.83943,0.484532,0.854004,0.438191,1
0.722543,0.769958,0.6598,0.749794,0.608392,0.703767,0.571964,0.658312,0.533109,0.627618,0.657616,0.571933,0.634518,0.487094,0.621293,0.430549,0.612894,0.380834,0.70196,0.555782,0.691495,0.454487,0.685651,0.390849,0.680906,0.335057,0.744327,0.564329,0.753621,0.468542,0.758382,0.402885,0.760691,0.34185,0.785843,0.593244,0.816955,0.528271,0.83647,0.481863,0.850925,0.43588,1
0.72181,0.770093,0.658226,0.750564,0.606389,0.704646,0.57029,0.658242,0.53216,0.626344,0.655575,0.571523,0.632987,0.486769,0.620021,0.430038,0.611965,0.380792,0.700639,0.555125,0.690174,0.454024,0.683835,0.390416,0.67886,0.335866,0.743779,0.563649,0.752868,0.46864,0.755946,0.403392,0.757106,0.343034,0.785542,0.592752,0.816567,0.529408,0.835216,0.48241,0.849262,0.435658,1
0.719269,0.768587,0.656119,0.749021,0.604628,0.702632,0.567272,0.65717,0.528135,0.625725,0.652031,0.571449,0.628757,0.486043,0.615132,0.428954,0.606334,0.379217,0.696461,0.555055,0.685238,0.4527,0.678427,0.387418,0.672908,0.330531,0.739279,0.563867,0.748696,0.467748,0.753275,0.402077,0.755338,0.341172,0.780985,0.593172,0.812377,0.52937,0.831766,0.482991,0.845966,0.437159,1
0.716007,0.767849,0.652166,0.747308,0.600457,0.700156,0.563701,0.654979,0.525141,0.624896,0.651217,0.568392,0.627221,0.482835,0.612293,0.426213,0.6022,0.377176,0.694569,0.553163,0.683104,0.448695,0.676379,0.382918,0.67129,0.32645,0.736675,0.561901,0.744123,0.464938,0.748307,0.400202,0.750195,0.340932,0.778469,0.589898,0.80684,0.522526,0.824584,0.475467,0.837411,0.42976,1
0.716418,0.76425,0.652813,0.744628,0.601435,0.70005,0.563682,0.65479,0.524498,0.622085,0.650714,0.569489,0.626224,0.484629,0.610719,0.428072,0.60047,0.378506,0.693568,0.553437,0.681633,0.450611,0.674675,0.384994,0.669656,0.327967,0.735651,0.561323,0.742678,0.465151,0.746332,0.399805,0.747809,0.339524,0.777851,0.588095,0.807127,0.518488,0.825275,0.469914,0.838335,0.422509,1
0.714157,0.762581,0.649447,0.741738,0.596376,0.694262,0.559653,0.648881,0.521953,0.618056,0.647551,0.563898,0.622245,0.477599,0.607017,0.420936,0.59704,0.371185,0.69057,0.548428,0.677864,0.444875,0.670799,0.379711,0.665753,0.323044,0.732777,0.556159,0.739813,0.460151,0.74325,0.396006,0.744673,0.337772,0.77537,0.582455,0.804055,0.512338,0.821584,0.464037,0.834247,0.417556,1
0.711955,0.75854,0.648164,0.739173,0.595648,0.691473,0.559093,0.64574,0.520718,0.615104,0.644029,0.560609,0.618456,0.474123,0.602605,0.41805,0.592026,0.368868,0.687615,0.544381,0.675586,0.440363,0.668725,0.375013,0.663822,0.318532,0.730447,0.551695,0.737609,0.454888,0.740531,0.391116,0.741377,0.33303,0.773491,0.577657,0.801609,0.506363,0.819352,0.457747,0.83222,0.410708,1
0.712,0.753186,0.649131,0.736284,0.596679,0.690015,0.559041,0.644153,0.519811,0.612942,0.643401,0.559922,0.618167,0.473721,0.603052,0.41787,0.593132,0.368891,0.686911,0.54293,0.674743,0.438352,0.667419,0.372945,0.661655,0.315853,0.729468,0.549747,0.736335,0.450992,0.738724,0.386013,0.738473,0.327079,0.772054,0.5757,0.802663,0.505172,0.821733,0.456545,0.834964,0.40959,1
0.71061,0.754906,0.647948,0.735505,0.596255,0.688923,0.559084,0.643029,0.519643,0.612519,0.643105,0.558348,0.617802,0.472654,0.602422,0.416579,0.592802,0.367014,0.687023,0.541671,0.673735,0.439154,0.666507,0.37381,0.661652,0.316608,0.730308,0.548593,0.736327,0.452791,0.738231,0.389564,0.737895,0.332185,0.773388,0.574043,0.801879,0.503687,0.819696,0.454981,0.83249,0.407741,1
0.709585,0.754151,0.646539,0.73592,0.594865,0.689938,0.55761,0.64311,0.517638,0.613164,0.642717,0.558382,0.616832,0.472725,0.601283,0.417233,0.591269,0.367956,0.686017,0.54114,0.672601,0.438267,0.664473,0.373919,0.657757,0.317645,0.728592,0.547596,0.7355,0.452248,0.737474,0.388911,0.736584,0.331804,0.771091,0.572578,0.800196,0.50333,0.817535,0.455668,0.829148,0.409709,1
0.705841,0.754064,0.641123,0.736049,0.588073,0.690939,0.552174,0.644419,0.513555,0.613896,0.637225,0.559313,0.61215,0.473707,0.597348,0.418427,0.587368,0.369159,0.680651,0.543462,0.667226,0.441698,0.659388,0.378247,0.653065,0.321778,0.722878,0.550587,0.729317,0.455905,0.731053,0.392808,0.730114,0.335334,0.765073,0.575476,0.793451,0.505804,0.811023,0.458528,0.823149,0.412587,1
0.704461,0.754793,0.641138,0.736136,0.58889,0.690212,0.55207,0.644412,0.513235,0.61401,0.634711,0.559415,0.609379,0.475004,0.594335,0.420208,0.584579,0.371193,0.678401,0.543097,0.664848,0.441682,0.656675,0.378124,0.650243,0.321758,0.721132,0.550212,0.727115,0.4564,0.728213,0.39275,0.726783,0.334843,0.763767,0.575221,0.792018,0.505526,0.809975,0.456942,0.822506,0.410006,1
0.695057,0.748432,0.631506,0.72846,0.577949,0.681887,0.542721,0.63593,0.506808,0.606047,0.62531,0.553155,0.598681,0.470054,0.583957,0.417336,0.574237,0.369318,0.667731,0.537519,0.651826,0.438129,0.642739,0.376525,0.635961,0.320988,0.709298,0.544572,0.715759,0.452663,0.71829,0.39142,0.718922,0.336066,0.751087,0.568653,0.775615,0.498077,0.790522,0.449824,0.800808,0.402298,1
0.692163,0.744811,0.62796,0.726768,0.577819,0.681586,0.542901,0.635938,0.505923,0.605264,0.623296,0.552073,0.597815,0.470288,0.582362,0.41831,0.57169,0.370804,0.665368,0.536609,0.650344,0.440066,0.640914,0.378996,0.633074,0.323981,0.706493,0.544011,0.71228,0.45395,0.713003,0.392569,0.711115,0.336113,0.747859,0.569568,0.771576,0.501513,0.784285,0.453961,0.79195,0.406934,1
0.682143,0.734246,0.619462,0.717001,0.56829,0.670428,0.533487,0.623919,0.497155,0.596223,0.610974,0.544335,0.583529,0.464573,0.567867,0.415017,0.556217,0.369879,0.652211,0.529022,0.637131,0.434878,0.62758,0.375736,0.619458,0.322226,0.692452,0.536131,0.698874,0.450109,0.700559,0.392071,0.699781,0.339433,0.731976,0.560164,0.754315,0.495567,0.766951,0.452037,0.775343,0.409642,1
0.680287,0.728806,0.617984,0.714018,0.568286,0.669479,0.533936,0.624745,0.498848,0.59562,0.609485,0.543681,0.584145,0.466141,0.568894,0.418198,0.557912,0.374648,0.650093,0.527499,0.633484,0.435981,0.623122,0.37728,0.614298,0.325414,0.689901,0.53373,0.694792,0.449071,0.694915,0.391978,0.692267,0.339822,0.72951,0.556775,0.751235,0.493357,0.763578,0.451098,0.771186,0.410288,1
0.67483,0.726803,0.61361,0.711146,0.563468,0.665548,0.529527,0.620176,0.495119,0.593029,0.603808,0.545275,0.577286,0.469171,0.562153,0.422267,0.551233,0.37988,0.642732,0.529409,0.624706,0.439903,0.614908,0.384312,0.606887,0.335603,0.681531,0.534857,0.683848,0.453501,0.685399,0.398735,0.685318,0.349251,0.720531,0.55611,0.740793,0.495106,0.754347,0.454404,0.764282,0.415383,1
0.671518,0.724381,0.610951,0.709478,0.562662,0.665398,0.529693,0.621595,0.496002,0.594451,0.601251,0.543507,0.576589,0.469814,0.561857,0.42341,0.552075,0.381712,0.640584,0.527965,0.624946,0.44104,0.614828,0.384871,0.60663,0.336079,0.679994,0.533702,0.682856,0.452925,0.683147,0.397931,0.682056,0.348043,0.71948,0.555675,0.740516,0.495135,0.753195,0.453633,0.762438,0.413339,1
0.664811,0.963966,0.602157,0.950455,0.546872,0.886609,0.5341,0.82534,0.561013,0.776175,0.603826,0.739146,0.601796,0.680694,0.583234,0.737717,0.572544,0.7932,0.655484,0.733125,0.653525,0.663783,0.630544,0.749831,0.62282,0.803005,0.704857,0.74718,0.707149,0.682827,0.683371,0.764139,0.673288,0.814876,0.753037,0.775622,0.751467,0.728055,0.728907,0.780677,0.717824,0.817766,2
0.681954,0.920823,0.613795,0.884219,0.565479,0.81038,0.567233,0.739106,0.60062,0.696212,0.6159,0.692642,0.618116,0.617468,0.606382,0.668836,0.60048,0.713897,0.662255,0.691625,0.664092,0.610967,0.64899,0.679316,0.645929,0.718708,0.70712,0.704703,0.713951,0.63333,0.696974,0.69976,0.69266,0.735156,0.753181,0.732033,0.757097,0.669208,0.739475,0.714147,0.732695,0.746103,2
0.696336,0.870372,0.628957,0.823399,0.584531,0.752586,0.58875,0.686942,0.622165,0.647998,0.629502,0.647338,0.632061,0.571206,0.624417,0.628546,0.620263,0.670162,0.6722,0.646628,0.674061,0.567845,0.663204,0.637355,0.659415,0.67301,0.714133,0.659037,0.717858,0.588092,0.706024,0.653064,0.702709,0.684567,0.75843,0.685047,0.757416,0.628973,0.743078,0.672791,0.738662,0.698819,2
0.724171,0.765107,0.661848,0.69128,0.621211,0.624837,0.632436,0.563309,0.68128,0.548261,0.654544,0.554224,0.648125,0.502823,0.643281,0.548762,0.647677,0.564423,0.689744,0.55275,0.686436,0.497091,0.679718,0.548094,0.68265,0.558767,0.726131,0.55932,0.723271,0.510698,0.713042,0.56153,0.715599,0.571258,0.764711,0.576651,0.756014,0.52954,0.744025,0.568185,0.746083,0.585423,2
0.738636,0.688695,0.678624,0.641583,0.640034,0.58121,0.658905,0.526269,0.708016,0.518711,0.668642,0.512909,0.662171,0.4639,0.66198,0.52112,0.668493,0.5456,0.703214,0.513552,0.698735,0.454633,0.695771,0.517075,0.699605,0.53841,0.737384,0.520335,0.732465,0.474238,0.725977,0.534365,0.727655,0.552183,0.772794,0.537,0.759694,0.496939,0.750512,0.539769,0.752329,0.559673,2
0.731379,0.657458,0.680355,0.62882,0.645229,0.573762,0.662063,0.521482,0.706513,0.51143,0.670356,0.510508,0.660648,0.461543,0.666245,0.516712,0.674482,0.542742,0.704905,0.510729,0.698236,0.458157,0.699916,0.519983,0.704962,0.538474,0.73866,0.517318,0.734154,0.471768,0.730185,0.533112,0.731601,0.551148,0.77352,0.531838,0.763713,0.493627,0.755322,0.537155,0.754591,0.558002,2
0.730286,0.650027,0.681604,0.630521,0.645986,0.574629,0.66483,0.524639,0.707588,0.515139,0.668045,0.51283,0.661254,0.466879,0.668574,0.52172,0.676228,0.539277,0.702443,0.510221,0.697802,0.463187,0.700015,0.525878,0.704953,0.536693,0.735612,0.515686,0.734868,0.476269,0.731623,0.537534,0.73311,0.549163,0.770506,0.528661,0.766485,0.497549,0.758366,0.540551,0.756756,0.555986,2
0.73107,0.635539,0.683761,0.621175,0.647275,0.569389,0.664336,0.520224,0.706156,0.512306,0.667678,0.505685,0.66167,0.465853,0.669051,0.516362,0.675822,0.532618,0.701402,0.501757,0.696889,0.457407,0.699958,0.516231,0.703392,0.5262,0.733745,0.506798,0.734546,0.469866,0.731794,0.527084,0.730539,0.536322,0.767863,0.519616,0.764958,0.493058,0.758851,0.534609,0.756621,0.54705,2
0.729767,0.62738,0.6812,0.611931,0.646262,0.558684,0.665823,0.515095,0.707574,0.509342,0.666049,0.495488,0.659969,0.46191,0.668134,0.508935,0.675265,0.524924,0.699088,0.489619,0.69451,0.450496,0.697906,0.506702,0.702802,0.517157,0.731322,0.494471,0.732731,0.463273,0.72958,0.518287,0.728395,0.527409,0.764817,0.50772,0.763308,0.485421,0.75645,0.52503,0.753594,0.536136,2
0.730376,0.62564,0.680318,0.613127,0.641345,0.559202,0.661689,0.512397,0.705741,0.505791,0.663877,0.492222,0.656008,0.460133,0.665238,0.510656,0.67221,0.525583,0.697262,0.485837,0.691503,0.448983,0.69604,0.508512,0.700508,0.517118,0.729426,0.490408,0.729331,0.460199,0.727178,0.518549,0.726342,0.52709,0.762713,0.503138,0.758981,0.481772,0.753124,0.524566,0.751416,0.535355,2
0.728416,0.624088,0.680232,0.616972,0.641778,0.55829,0.663852,0.508235,0.707222,0.500027,0.662218,0.497644,0.655316,0.460558,0.663657,0.509977,0.670911,0.526766,0.694414,0.489914,0.690592,0.450538,0.695219,0.508554,0.698501,0.517432,0.72678,0.491024,0.728774,0.460524,0.727462,0.518657,0.726299,0.528657,0.761511,0.498073,0.759186,0.476257,0.754402,0.520225,0.752606,0.532758,2
0.732706,0.614191,0.683325,0.600746,0.646031,0.551322,0.663045,0.507165,0.702168,0.502557,0.665151,0.491378,0.658255,0.455156,0.66761,0.500961,0.674235,0.519121,0.697613,0.483043,0.693955,0.446691,0.698592,0.500749,0.700416,0.511355,0.729578,0.483396,0.731101,0.456769,0.729973,0.50944,0.727245,0.519527,0.762878,0.491312,0.762898,0.470578,0.757943,0.509296,0.754283,0.522375,2
0.732483,0.614789,0.684171,0.603845,0.646237,0.550129,0.662431,0.503695,0.701935,0.499577,0.665113,0.486557,0.65771,0.45003,0.668764,0.498311,0.676124,0.51588,0.698104,0.47876,0.693175,0.441748,0.698682,0.500661,0.701473,0.510307,0.730474,0.481044,0.731234,0.450977,0.730385,0.508395,0.728158,0.517826,0.764385,0.490574,0.7637,0.468412,0.758561,0.509883,0.754971,0.522107,2
0.732942,0.608731,0.685194,0.596358,0.646611,0.543341,0.663368,0.49826,0.705112,0.49857,0.66574,0.481001,0.656797,0.445689,0.666489,0.495868,0.67389,0.512026,0.69768,0.473886,0.691156,0.439471,0.696924,0.497915,0.70167,0.504659,0.729259,0.47592,0.727743,0.450858,0.727746,0.507091,0.728305,0.512515,0.762579,0.484532,0.758754,0.467199,0.754254,0.508641,0.753853,0.517899,2
0.732771,0.605839,0.684465,0.593782,0.647216,0.543356,0.665214,0.499894,0.706607,0.497268,0.664593,0.482541,0.65546,0.447042,0.665733,0.494808,0.673429,0.510826,0.697367,0.474476,0.690416,0.438815,0.696786,0.496005,0.701728,0.506316,0.72934,0.476188,0.727133,0.450014,0.727491,0.504912,0.727943,0.513889,0.762852,0.485127,0.75798,0.4663,0.75354,0.506186,0.753084,0.517434,2
0.734226,0.60638,0.685315,0.592537,0.649091,0.538808,0.669275,0.49628,0.710611,0.497393,0.66561,0.484387,0.659069,0.445314,0.66951,0.492698,0.675837,0.511647,0.698032,0.47749,0.693567,0.436673,0.701277,0.49231,0.705376,0.50617,0.730467,0.479487,0.730434,0.450012,0.732385,0.504028,0.731793,0.517097,0.76365,0.488506,0.761042,0.468865,0.757529,0.508014,0.755896,0.520939,2
0.735367,0.607016,0.68885,0.592237,0.651433,0.540511,0.668743,0.49901,0.709842,0.498205,0.668388,0.481174,0.660138,0.446784,0.671009,0.494989,0.677916,0.509458,0.700584,0.472401,0.694247,0.436528,0.701054,0.493903,0.705516,0.503384,0.732424,0.474458,0.731273,0.452174,0.731877,0.507264,0.731405,0.515024,0.76515,0.484187,0.760361,0.471244,0.756444,0.51059,0.755821,0.519194,2
0.738411,0.60754,0.689809,0.593086,0.653589,0.54498,0.67211,0.500676,0.71281,0.494193,0.671732,0.481974,0.664653,0.447175,0.675202,0.4948,0.682415,0.51246,0.704289,0.476632,0.699923,0.439094,0.706918,0.494785,0.710973,0.50673,0.736537,0.48005,0.737227,0.450609,0.737486,0.505817,0.735958,0.518505,0.769722,0.490425,0.766979,0.469011,0.762221,0.508689,0.759225,0.522015,2
0.735077,0.607412,0.687136,0.593362,0.652169,0.542331,0.672703,0.499686,0.715508,0.498098,0.671963,0.482018,0.663643,0.444927,0.673036,0.491789,0.680416,0.510043,0.704329,0.475963,0.699025,0.433844,0.704049,0.490002,0.709093,0.503285,0.735805,0.480557,0.735935,0.448622,0.734024,0.503457,0.733137,0.515121,0.768372,0.493084,0.764912,0.471765,0.758536,0.510629,0.756487,0.523318,2
0.730497,0.601808,0.682699,0.588673,0.646862,0.540602,0.667627,0.500579,0.709223,0.495407,0.662567,0.480125,0.655284,0.444162,0.664963,0.493474,0.671969,0.510578,0.694378,0.474045,0.689484,0.436674,0.696176,0.494034,0.700575,0.505162,0.725356,0.47668,0.724977,0.447808,0.725165,0.500655,0.724445,0.508576,0.758028,0.486644,0.755557,0.466877,0.751655,0.505754,0.749955,0.516714,2
0.729467,0.601084,0.680752,0.588933,0.644989,0.536908,0.665769,0.495617,0.70676,0.498067,0.658815,0.480988,0.651733,0.444005,0.664697,0.489044,0.673062,0.507421,0.691017,0.473145,0.687817,0.434164,0.696095,0.487535,0.699472,0.501126,0.722155,0.475318,0.724128,0.44774,0.72526,0.498953,0.722667,0.510025,0.753723,0.485261,0.753104,0.468752,0.749867,0.506274,0.747351,0.518124,2
0.714779,0.598447,0.667948,0.587257,0.629828,0.534399,0.649155,0.492717,0.690032,0.495151,0.647765,0.467297,0.63851,0.438931,0.648769,0.491074,0.655305,0.505203,0.679229,0.460608,0.673216,0.432391,0.679138,0.492237,0.683122,0.499096,0.709747,0.465215,0.710678,0.44472,0.709775,0.499999,0.708719,0.504817,0.741192,0.47685,0.739629,0.464825,0.735471,0.505857,0.734049,0.514023,2
0.712225,0.595958,0.66598,0.580554,0.630163,0.53554,0.649894,0.496755,0.693425,0.496586,0.644368,0.474211,0.636667,0.442636,0.648343,0.48898,0.655465,0.503602,0.676822,0.465122,0.672685,0.43201,0.680616,0.487556,0.683922,0.496853,0.70795,0.467217,0.71053,0.44382,0.711431,0.498599,0.708939,0.508041,0.73959,0.478462,0.741078,0.464272,0.736964,0.503408,0.732996,0.51388,2
0.699788,0.591512,0.652081,0.57746,0.613391,0.530565,0.632524,0.490768,0.673479,0.485808,0.630992,0.457629,0.621872,0.437147,0.632374,0.486901,0.638546,0.49555,0.663121,0.450878,0.658154,0.427249,0.66368,0.484588,0.66655,0.487912,0.69433,0.456174,0.695623,0.441068,0.69465,0.495151,0.692374,0.497426,0.726794,0.46992,0.724829,0.460434,0.720335,0.501509,0.717487,0.509196,2
0.694868,0.590781,0.64563,0.579557,0.608508,0.534234,0.630294,0.495087,0.673274,0.488518,0.625993,0.463446,0.618212,0.440454,0.627937,0.487417,0.635255,0.498057,0.658366,0.455339,0.653245,0.426481,0.658656,0.481711,0.662652,0.489365,0.689677,0.458313,0.690322,0.440225,0.6895,0.49276,0.687677,0.498404,0.722151,0.469923,0.721629,0.456776,0.716312,0.497989,0.712255,0.508777,2
0.67611,0.58964,0.627765,0.573542,0.592385,0.520169,0.612639,0.479775,0.653745,0.479858,0.61449,0.454437,0.604429,0.432015,0.613578,0.478658,0.620821,0.490476,0.646146,0.446608,0.638576,0.423441,0.642017,0.477406,0.647328,0.483576,0.67727,0.451592,0.674733,0.433932,0.671902,0.48693,0.672663,0.493052,0.71035,0.464535,0.704579,0.452773,0.69739,0.491513,0.695787,0.502011,2
0.675851,0.58586,0.626265,0.572682,0.587224,0.520484,0.606736,0.478782,0.650937,0.475489,0.612331,0.454097,0.601347,0.426761,0.608956,0.478181,0.615197,0.484817,0.644814,0.448287,0.635436,0.419157,0.638378,0.478783,0.643669,0.48021,0.676035,0.451994,0.672119,0.432346,0.669398,0.489802,0.671482,0.491445,0.709618,0.462774,0.703067,0.449819,0.696442,0.492212,0.696647,0.499702,2
0.662605,0.587537,0.613546,0.571588,0.575263,0.520586,0.594266,0.476771,0.636872,0.471393,0.598826,0.455929,0.587435,0.427573,0.596248,0.477773,0.604495,0.485078,0.630369,0.447883,0.622245,0.418508,0.62611,0.476206,0.632804,0.478065,0.660658,0.450618,0.657049,0.42781,0.655524,0.484047,0.659626,0.486782,0.693505,0.46098,0.687019,0.447276,0.68065,0.487138,0.682254,0.493761,2
0.659257,0.586474,0.609459,0.575205,0.570147,0.522874,0.590563,0.478838,0.636254,0.469468,0.590684,0.453556,0.579519,0.428845,0.587524,0.477955,0.596187,0.484275,0.622198,0.443632,0.614393,0.418274,0.61875,0.474774,0.625804,0.476892,0.652712,0.445854,0.650319,0.433181,0.648811,0.486999,0.651291,0.487415,0.685773,0.456341,0.680589,0.453217,0.674758,0.491573,0.675372,0.49497,2
0.647029,0.583094,0.599451,0.571327,0.558552,0.520044,0.574393,0.474351,0.618502,0.466715,0.579222,0.449752,0.566405,0.428246,0.576484,0.476848,0.58564,0.484208,0.610322,0.437924,0.601733,0.418435,0.606706,0.474957,0.613233,0.477706,0.639984,0.439494,0.638373,0.43034,0.636945,0.482977,0.638463,0.483244,0.672038,0.448973,0.667915,0.451028,0.662827,0.489541,0.66279,0.492063,2
0.643346,0.579042,0.594546,0.568724,0.551651,0.521812,0.566631,0.475786,0.610056,0.463393,0.570757,0.443858,0.55597,0.427908,0.565912,0.476108,0.576299,0.482315,0.6026,0.429392,0.591391,0.418415,0.595685,0.47566,0.603249,0.477618,0.632537,0.429563,0.627989,0.42937,0.625882,0.48269,0.628433,0.482461,0.664683,0.438568,0.65819,0.449206,0.651998,0.488164,0.652012,0.489634,2
0.63905,0.58106,0.590062,0.570527,0.547729,0.520842,0.56258,0.474583,0.606162,0.464021,0.566085,0.44313,0.551663,0.423403,0.561589,0.47399,0.570537,0.482552,0.598712,0.429587,0.58691,0.414315,0.591722,0.473606,0.598803,0.477269,0.630552,0.430218,0.625154,0.428023,0.622792,0.483464,0.624394,0.485197,0.664604,0.439629,0.657167,0.446675,0.65102,0.486252,0.651307,0.488768,2
0.636449,0.579724,0.588017,0.568443,0.546552,0.522363,0.561202,0.476183,0.604181,0.464114,0.562874,0.451323,0.550854,0.421357,0.559058,0.468996,0.567396,0.482792,0.594995,0.438972,0.585518,0.411609,0.589664,0.468642,0.596226,0.476931,0.626794,0.43836,0.624041,0.42392,0.621233,0.479755,0.622087,0.488383,0.660456,0.446144,0.655236,0.438521,0.64863,0.478933,0.647867,0.489193,2
0.63347,0.579433,0.585429,0.570904,0.544011,0.526017,0.557266,0.478971,0.597864,0.464947,0.55898,0.450676,0.547338,0.422251,0.556793,0.46688,0.565521,0.484538,0.591063,0.438684,0.582309,0.410287,0.587466,0.463847,0.592853,0.476897,0.62304,0.438075,0.621154,0.424641,0.619775,0.477909,0.619064,0.488783,0.656851,0.445952,0.652879,0.438401,0.646674,0.479167,0.643875,0.491206,2
0.618109,0.575859,0.569967,0.565288,0.527234,0.519697,0.539175,0.474397,0.580809,0.464359,0.54491,0.433619,0.53275,0.415475,0.539437,0.466971,0.546181,0.479138,0.577142,0.424192,0.567325,0.412326,0.571044,0.469453,0.577572,0.474082,0.608816,0.427619,0.604478,0.428532,0.603752,0.481142,0.606612,0.483389,0.64245,0.438845,0.635936,0.439578,0.630457,0.47897,0.630586,0.486948,2
0.608606,0.57898,0.5594,0.563737,0.516355,0.521292,0.528224,0.478456,0.571287,0.466623,0.538086,0.426111,0.524583,0.422815,0.530079,0.473778,0.536533,0.482182,0.570858,0.416843,0.558257,0.414951,0.560633,0.471715,0.567111,0.474982,0.602913,0.421564,0.595135,0.429373,0.592713,0.483444,0.594996,0.48552,0.636708,0.43554,0.627928,0.438802,0.621163,0.480571,0.620466,0.489548,2
0.609938,0.576631,0.558986,0.566927,0.514519,0.524967,0.527916,0.480705,0.571591,0.465979,0.535085,0.419946,0.51966,0.423727,0.527218,0.477568,0.536049,0.482967,0.568024,0.407938,0.55256,0.41744,0.55658,0.475431,0.565773,0.474189,0.599968,0.412411,0.589117,0.435457,0.587734,0.488809,0.592725,0.484859,0.63418,0.42651,0.621406,0.448231,0.616535,0.486238,0.619179,0.484846,2
0.607412,0.576634,0.555858,0.568285,0.511438,0.5263,0.524472,0.480947,0.568418,0.466292,0.531481,0.426033,0.516189,0.42282,0.524821,0.477162,0.534125,0.482707,0.564033,0.415343,0.54964,0.413521,0.554329,0.47266,0.564322,0.471251,0.595706,0.419666,0.586237,0.427519,0.585138,0.483249,0.591286,0.481016,0.630451,0.432697,0.619674,0.439454,0.612762,0.479369,0.614419,0.482881,2
0.604097,0.575274,0.554065,0.568024,0.510819,0.526625,0.524383,0.481252,0.56713,0.464699,0.527691,0.431943,0.513041,0.419213,0.521286,0.471784,0.529307,0.479979,0.5603,0.421939,0.546317,0.410854,0.551549,0.47149,0.560292,0.474118,0.592701,0.425195,0.583857,0.424341,0.582906,0.482779,0.587135,0.485528,0.627899,0.436867,0.618071,0.434778,0.611224,0.476766,0.611377,0.484839,2
0.58388,0.575005,0.535855,0.567661,0.491175,0.523617,0.50169,0.478494,0.543592,0.464375,0.510623,0.419849,0.495156,0.417949,0.504941,0.471866,0.514411,0.477632,0.544185,0.410463,0.530993,0.407595,0.535383,0.468002,0.543046,0.470309,0.576161,0.417518,0.567696,0.427514,0.567057,0.482886,0.570179,0.480105,0.60965,0.434197,0.599045,0.447544,0.594566,0.487204,0.595652,0.487377,2
0.576725,0.571466,0.528429,0.565495,0.485422,0.521381,0.497245,0.473944,0.538303,0.460849,0.509,0.424216,0.49154,0.413203,0.500056,0.465945,0.51066,0.47385,0.541737,0.413573,0.525815,0.40477,0.52891,0.46488,0.537127,0.469306,0.572696,0.41807,0.560347,0.420337,0.558312,0.477358,0.562975,0.479896,0.605929,0.43143,0.592058,0.43921,0.58496,0.479799,0.586273,0.484539,2
0.577845,0.570887,0.529874,0.565992,0.484645,0.521307,0.493389,0.47126,0.53404,0.457852,0.505132,0.441628,0.490326,0.410425,0.500246,0.462269,0.510173,0.474016,0.538262,0.4307,0.525327,0.400804,0.530754,0.462102,0.538058,0.470828,0.570276,0.432173,0.56068,0.414274,0.560803,0.473297,0.564678,0.481843,0.605329,0.441967,0.594837,0.427424,0.588159,0.469893,0.587358,0.482699,2
0.576604,0.570922,0.52807,0.564794,0.482762,0.519103,0.492758,0.468801,0.535189,0.456034,0.502916,0.434647,0.486095,0.407687,0.498479,0.460079,0.509077,0.472687,0.535671,0.421536,0.520053,0.398591,0.527301,0.461847,0.534939,0.471181,0.56749,0.423242,0.556955,0.414441,0.557844,0.47424,0.561801,0.481432,0.601332,0.433953,0.589243,0.432856,0.583611,0.474567,0.584536,0.48277,2
0.574114,0.570844,0.525564,0.562841,0.479196,0.516664,0.488544,0.466553,0.531779,0.455167,0.499373,0.438858,0.484123,0.405372,0.495954,0.457201,0.505421,0.469675,0.532701,0.426915,0.519293,0.399404,0.526047,0.461704,0.532008,0.470543,0.565043,0.42777,0.555529,0.411839,0.556218,0.471411,0.558551,0.479222,0.599345,0.436951,0.588151,0.429407,0.582739,0.471692,0.582696,0.481754,2
0.562962,0.573759,0.51382,0.564973,0.4656,0.5178,0.473255,0.467505,0.517028,0.456374,0.487587,0.426386,0.469182,0.410941,0.480119,0.464969,0.488743,0.471489,0.520448,0.413606,0.503116,0.401112,0.509614,0.463399,0.517115,0.465759,0.552295,0.416167,0.540379,0.416681,0.541798,0.475698,0.545986,0.476051,0.586283,0.427638,0.572961,0.43228,0.568806,0.474939,0.570614,0.479175,2
0.555815,0.572965,0.506164,0.56419,0.458685,0.519964,0.465996,0.470715,0.508542,0.457375,0.480353,0.42544,0.463078,0.409804,0.473197,0.460844,0.482551,0.471304,0.514086,0.411955,0.496992,0.399023,0.502446,0.458865,0.509537,0.468435,0.545986,0.413718,0.533261,0.414701,0.534258,0.471861,0.537915,0.477969,0.579971,0.425409,0.565962,0.433535,0.560921,0.474503,0.561864,0.480651,2
0.555118,0.572557,0.504401,0.564649,0.456254,0.520478,0.463839,0.473542,0.506192,0.461664,0.476096,0.423231,0.459708,0.412355,0.470465,0.462508,0.479881,0.472193,0.509805,0.410404,0.494057,0.401646,0.49934,0.461104,0.505769,0.471222,0.541883,0.413073,0.530875,0.42051,0.531425,0.477167,0.534332,0.482522,0.575824,0.425914,0.562533,0.439825,0.557253,0.480847,0.55748,0.485824,2
0.547947,0.577809,0.497813,0.570876,0.449056,0.526649,0.45437,0.481103,0.495964,0.468789,0.471142,0.420511,0.44968,0.419561,0.462359,0.473919,0.473252,0.479674,0.504177,0.40791,0.484395,0.411965,0.491896,0.474272,0.500192,0.476648,0.535646,0.412559,0.520264,0.427694,0.522566,0.486172,0.528068,0.485907,0.568838,0.427063,0.55229,0.442858,0.548357,0.484512,0.550782,0.487183,2
0.547269,0.578981,0.495848,0.570688,0.447161,0.527869,0.453765,0.482307,0.497149,0.469599,0.469719,0.424216,0.447015,0.42332,0.458917,0.476637,0.469783,0.481054,0.502826,0.410043,0.481295,0.414466,0.489468,0.475877,0.499141,0.478275,0.53487,0.412788,0.516107,0.429519,0.519965,0.488121,0.527838,0.487512,0.569234,0.425731,0.548054,0.445351,0.545347,0.486953,0.550261,0.48815,2
0.544675,0.590145,0.495435,0.580705,0.448096,0.538627,0.451849,0.493593,0.492374,0.480103,0.467743,0.439219,0.446558,0.435171,0.460003,0.488998,0.471424,0.492408,0.500278,0.426454,0.480229,0.426318,0.489437,0.488514,0.498863,0.490566,0.532229,0.428867,0.514668,0.437127,0.519061,0.497317,0.526188,0.497849,0.566441,0.441432,0.546974,0.45489,0.544878,0.496653,0.54939,0.497779,2
0.551372,0.590613,0.498285,0.58445,0.448477,0.543076,0.452263,0.497986,0.492865,0.485323,0.46831,0.440477,0.446671,0.43697,0.460002,0.490723,0.470988,0.493005,0.501205,0.42857,0.480326,0.42696,0.489173,0.489113,0.499821,0.490348,0.533253,0.431385,0.515,0.440207,0.519182,0.499752,0.528571,0.498895,0.568087,0.443767,0.547286,0.454806,0.544346,0.49598,0.550233,0.497774,2
0.553467,0.599347,0.502839,0.59133,0.454223,0.551256,0.458323,0.505993,0.499458,0.492383,0.474376,0.450551,0.453746,0.445388,0.46746,0.495547,0.478849,0.504266,0.506886,0.437451,0.486931,0.439217,0.496963,0.497512,0.505933,0.503459,0.538854,0.439149,0.522132,0.451578,0.526866,0.506213,0.53257,0.508366,0.572747,0.450957,0.554454,0.464953,0.552475,0.505994,0.555866,0.510793,2
0.558781,0.600543,0.507388,0.594529,0.458228,0.555408,0.461097,0.509299,0.500241,0.496538,0.476565,0.459923,0.456886,0.446198,0.469539,0.497369,0.480839,0.506416,0.509178,0.447806,0.490492,0.440642,0.499864,0.500079,0.510469,0.506229,0.541296,0.448882,0.526114,0.452797,0.53007,0.508433,0.537633,0.511994,0.57611,0.458837,0.558737,0.462231,0.554803,0.503617,0.558031,0.511849,2
0.571978,0.607064,0.522051,0.602162,0.473365,0.562188,0.479767,0.511412,0.523415,0.498539,0.491718,0.477183,0.474228,0.454385,0.485118,0.504431,0.495424,0.517766,0.523909,0.465748,0.508494,0.444741,0.517813,0.501183,0.526158,0.509076,0.556037,0.464837,0.545484,0.453904,0.54988,0.509547,0.55335,0.516063,0.590467,0.472533,0.578182,0.462342,0.576384,0.505568,0.577943,0.516567,2
0.573123,0.610194,0.524062,0.604232,0.477581,0.565349,0.486665,0.517908,0.530401,0.506199,0.494347,0.472073,0.478445,0.456339,0.491653,0.507327,0.501684,0.518967,0.527598,0.457869,0.512767,0.45055,0.522547,0.508987,0.529639,0.517049,0.560277,0.457114,0.548993,0.461671,0.554325,0.516285,0.55805,0.520941,0.594803,0.465313,0.581021,0.471257,0.579644,0.512537,0.581637,0.5194,2
0.596256,0.613106,0.544722,0.606154,0.500116,0.571639,0.507922,0.529346,0.54862,0.514165,0.511273,0.471145,0.500473,0.470159,0.510165,0.522043,0.51747,0.532628,0.544578,0.461243,0.535973,0.46062,0.542431,0.516274,0.547666,0.521169,0.577148,0.463029,0.571929,0.470198,0.57386,0.523262,0.574898,0.525349,0.610725,0.474467,0.602546,0.479111,0.600147,0.521051,0.600259,0.527043,2
0.601987,0.614282,0.552484,0.609517,0.50589,0.571174,0.512183,0.526983,0.553051,0.516147,0.524744,0.482733,0.508893,0.466418,0.518683,0.518486,0.527339,0.526308,0.556942,0.474726,0.541227,0.45909,0.54774,0.515737,0.556329,0.518783,0.587275,0.47689,0.576905,0.470011,0.578662,0.523888,0.582665,0.525737,0.619163,0.48644,0.606544,0.479668,0.604216,0.520449,0.607482,0.526657,2
0.621559,0.621645,0.573289,0.611985,0.528232,0.576044,0.534371,0.532509,0.576191,0.51791,0.54328,0.495391,0.531719,0.475855,0.542292,0.525872,0.5495,0.535434,0.57569,0.484823,0.563888,0.461132,0.571231,0.517152,0.577989,0.523384,0.607313,0.484535,0.600414,0.469209,0.602658,0.523114,0.604004,0.527483,0.640127,0.492548,0.630743,0.484753,0.628061,0.525509,0.628222,0.534031,2
0.62953,0.61909,0.580443,0.615478,0.534508,0.576748,0.542056,0.530786,0.583464,0.520781,0.545811,0.501494,0.538344,0.476024,0.55159,0.523241,0.558632,0.535775,0.577962,0.489983,0.570534,0.461339,0.581668,0.51622,0.586708,0.526197,0.609472,0.487682,0.608643,0.47228,0.613812,0.524278,0.612475,0.530893,0.64244,0.493586,0.638829,0.48015,0.639285,0.521449,0.638021,0.532092,2
0.649215,0.621507,0.602657,0.617686,0.557609,0.577281,0.565598,0.531242,0.607675,0.517884,0.57115,0.509596,0.561559,0.478333,0.573505,0.523865,0.580045,0.538582,0.603575,0.498475,0.592406,0.462047,0.601726,0.514303,0.606684,0.524772,0.635703,0.496394,0.631209,0.469399,0.634639,0.520292,0.632948,0.529401,0.668865,0.502016,0.662593,0.481355,0.662914,0.520479,0.662192,0.532935,2
0.653435,0.62088,0.606487,0.617148,0.561135,0.57765,0.569853,0.530475,0.614186,0.519507,0.575894,0.502145,0.567056,0.476031,0.578737,0.523057,0.584323,0.536059,0.60877,0.490985,0.599113,0.457776,0.608008,0.513437,0.612279,0.52307,0.641071,0.490535,0.637895,0.470371,0.640898,0.525228,0.639385,0.532987,0.674359,0.498406,0.667739,0.483977,0.667117,0.524928,0.666421,0.535268,2
0.668143,0.62344,0.622173,0.61759,0.579905,0.575441,0.590482,0.52991,0.632541,0.518422,0.595479,0.511172,0.585824,0.470574,0.594521,0.515624,0.600444,0.533389,0.627361,0.50084,0.618507,0.45747,0.624851,0.509929,0.629887,0.523637,0.658106,0.500786,0.654751,0.470904,0.655484,0.521239,0.654843,0.531694,0.689742,0.509353,0.682067,0.490705,0.680201,0.526705,0.680514,0.538232,2
0.676091,0.623238,0.626071,0.61851,0.581752,0.572555,0.595889,0.524616,0.640557,0.517513,0.596353,0.505265,0.587541,0.470257,0.597274,0.515978,0.602881,0.536829,0.629386,0.494824,0.621147,0.456992,0.629966,0.510396,0.635601,0.525315,0.662065,0.495027,0.658947,0.469211,0.662429,0.522051,0.662608,0.5337,0.69579,0.503981,0.689674,0.486471,0.6884,0.524844,0.688153,0.536769,2
0.692417,0.6241,0.641292,0.617069,0.598,0.572842,0.610349,0.525336,0.653644,0.515481,0.614469,0.501711,0.604949,0.466248,0.61623,0.512818,0.621513,0.529698,0.647425,0.48988,0.637779,0.453018,0.64658,0.506997,0.651368,0.520282,0.679863,0.488077,0.675547,0.461078,0.678732,0.512129,0.678635,0.5245,0.713627,0.495502,0.707847,0.475673,0.705791,0.512788,0.704444,0.526955,2
0.695958,0.624017,0.643044,0.614458,0.599934,0.567661,0.615598,0.520041,0.661095,0.514017,0.617109,0.493452,0.608864,0.462998,0.619889,0.50817,0.626231,0.526973,0.650216,0.482377,0.644248,0.449668,0.652619,0.501651,0.65541,0.515779,0.682836,0.481209,0.684991,0.463642,0.686945,0.514193,0.683398,0.526596,0.716291,0.489498,0.716502,0.476671,0.713856,0.515648,0.709545,0.530269,2
0.708674,0.61916,0.658821,0.609394,0.616368,0.560814,0.631138,0.512075,0.675775,0.510364,0.629673,0.491001,0.62402,0.458099,0.635184,0.509471,0.639854,0.524902,0.663269,0.48231,0.657593,0.448039,0.665706,0.505772,0.669639,0.515296,0.696534,0.482889,0.696452,0.459466,0.69832,0.514637,0.696829,0.523206,0.73089,0.491745,0.727924,0.472972,0.725845,0.513227,0.724827,0.524708,2
0.708091,0.61826,0.658355,0.605459,0.618327,0.557223,0.634714,0.511027,0.677939,0.510833,0.636158,0.485099,0.629541,0.450053,0.638585,0.497315,0.64531,0.521858,0.669109,0.477584,0.665443,0.439828,0.671002,0.493759,0.67428,0.512078,0.701605,0.480831,0.705191,0.453317,0.704378,0.505954,0.701193,0.523076,0.734574,0.493578,0.736604,0.468025,0.731602,0.505994,0.727064,0.523071,2
0.724134,0.612319,0.675456,0.601521,0.63688,0.546678,0.655689,0.501714,0.697057,0.501732,0.650449,0.487495,0.643365,0.445791,0.654551,0.494184,0.660851,0.513562,0.683016,0.480001,0.678203,0.439113,0.686411,0.494712,0.689531,0.506953,0.715386,0.481813,0.716804,0.449555,0.718366,0.504285,0.715239,0.516947,0.748438,0.49131,0.748125,0.468656,0.744806,0.508962,0.740721,0.523121,2
0.734837,0.603316,0.687189,0.592292,0.649543,0.538861,0.667981,0.492509,0.711112,0.489284,0.663706,0.474065,0.657864,0.434484,0.668459,0.484094,0.674734,0.503623,0.696431,0.466945,0.692863,0.42424,0.700257,0.482997,0.704154,0.496679,0.729158,0.469804,0.731527,0.440503,0.731371,0.495769,0.728887,0.507747,0.762987,0.480148,0.761138,0.455556,0.756834,0.495521,0.753705,0.509105,2
0.737718,0.599972,0.688968,0.58874,0.651518,0.53096,0.669658,0.484971,0.70951,0.485645,0.666915,0.469985,0.662035,0.430962,0.673048,0.480124,0.678953,0.49833,0.699532,0.46247,0.698569,0.420889,0.705915,0.479113,0.708267,0.492477,0.732254,0.464304,0.738094,0.435778,0.73863,0.491713,0.734998,0.504181,0.766291,0.473224,0.768353,0.44726,0.765002,0.488153,0.761099,0.502871,2
0.749172,0.579671,0.699356,0.56909,0.659926,0.514923,0.679787,0.466897,0.723429,0.463925,0.673522,0.453605,0.671272,0.415565,0.680693,0.462204,0.684934,0.481678,0.707184,0.444606,0.708198,0.40405,0.714493,0.458789,0.714209,0.472522,0.740358,0.44559,0.747682,0.415146,0.747287,0.467841,0.7402,0.480701,0.774177,0.45462,0.778873,0.429881,0.775139,0.469974,0.767669,0.486275,2
0.751654,0.580917,0.700787,0.568266,0.662236,0.517996,0.681732,0.470753,0.72479,0.466598,0.675693,0.450729,0.673707,0.413907,0.684689,0.461035,0.689525,0.479386,0.710426,0.440926,0.710091,0.401243,0.71782,0.458582,0.719401,0.47138,0.74424,0.441379,0.750553,0.413954,0.750547,0.468349,0.746085,0.481878,0.778508,0.450165,0.78153,0.424408,0.777374,0.464906,0.771838,0.482529,2
0.76267,0.57225,0.71053,0.561852,0.669326,0.507455,0.689439,0.457067,0.736261,0.45372,0.685881,0.431701,0.683791,0.403143,0.697125,0.452677,0.703278,0.469713,0.720558,0.42123,0.720909,0.39129,0.729795,0.450631,0.730363,0.459568,0.754606,0.423099,0.761763,0.405523,0.762094,0.46129,0.755821,0.470398,0.789184,0.433342,0.794708,0.420744,0.788654,0.462795,0.77915,0.476619,2
0.767036,0.572386,0.713481,0.560872,0.672811,0.505587,0.69199,0.457638,0.7364,0.454962,0.690401,0.433567,0.688676,0.398373,0.700834,0.445375,0.707171,0.467132,0.725918,0.425934,0.726285,0.387785,0.73508,0.444671,0.736536,0.462519,0.760338,0.428909,0.765246,0.40412,0.767172,0.458404,0.762422,0.47386,0.794691,0.440852,0.796757,0.418751,0.794274,0.459742,0.788936,0.476415,2
0.780717,0.570546,0.727439,0.554324,0.686682,0.495645,0.708164,0.446466,0.754506,0.447604,0.701402,0.43023,0.69862,0.391734,0.710719,0.443641,0.716701,0.462151,0.737677,0.421549,0.737965,0.383376,0.746694,0.444709,0.747997,0.456883,0.773634,0.423746,0.780206,0.399206,0.780904,0.455884,0.774826,0.466438,0.809425,0.434705,0.814531,0.416847,0.810167,0.457315,0.802853,0.469438,2
0.785933,0.571657,0.732361,0.557172,0.690649,0.500693,0.710147,0.446587,0.757175,0.444892,0.707527,0.428335,0.704771,0.388616,0.715964,0.439161,0.721607,0.456868,0.744566,0.421765,0.74494,0.383842,0.75167,0.443837,0.751569,0.4532,0.780069,0.425598,0.785196,0.397458,0.784878,0.454767,0.779529,0.464636,0.815883,0.437096,0.818139,0.412087,0.814172,0.454592,0.809055,0.469285,2
0.795258,0.572758,0.741971,0.557149,0.698337,0.496994,0.717734,0.442765,0.766637,0.443759,0.715785,0.428306,0.712138,0.386861,0.725344,0.440368,0.731168,0.456499,0.753257,0.420994,0.752603,0.380476,0.761272,0.444029,0.762155,0.451643,0.789337,0.424419,0.795372,0.393602,0.795869,0.454676,0.790689,0.464288,0.825668,0.435275,0.829928,0.411236,0.825566,0.454982,0.819379,0.46873,2
0.797236,0.572085,0.743433,0.557295,0.699833,0.49692,0.720595,0.442214,0.77019,0.44212,0.718826,0.422031,0.716622,0.387216,0.729108,0.440464,0.734923,0.454327,0.756473,0.413878,0.757227,0.380101,0.764403,0.443423,0.764244,0.448683,0.792312,0.416967,0.8007,0.394295,0.799242,0.454866,0.79268,0.461773,0.82874,0.427506,0.83535,0.407365,0.829778,0.452288,0.822381,0.465667,2
0.803734,0.575377,0.748145,0.559416,0.705007,0.49847,0.725718,0.444238,0.774511,0.44587,0.724467,0.431854,0.721054,0.386994,0.73304,0.437287,0.739629,0.457108,0.763023,0.422903,0.762974,0.378421,0.770193,0.438458,0.771737,0.452136,0.799794,0.425624,0.806554,0.391943,0.805339,0.449502,0.799536,0.464743,0.837107,0.436825,0.842715,0.409408,0.836903,0.449926,0.829454,0.467177,2
0.805641,0.577215,0.749699,0.560647,0.705522,0.498378,0.726993,0.442724,0.777374,0.444725,0.727165,0.427285,0.722558,0.384608,0.731243,0.439732,0.736477,0.456824,0.765431,0.417888,0.763643,0.378089,0.76807,0.442952,0.770115,0.450253,0.801921,0.420677,0.807939,0.393256,0.804014,0.454888,0.799152,0.463833,0.839512,0.431911,0.843346,0.409455,0.835927,0.453874,0.830039,0.467936,2
0.81025,0.579574,0.753177,0.563221,0.707736,0.496555,0.731468,0.43926,0.785067,0.440133,0.72903,0.426224,0.721873,0.382207,0.73351,0.43911,0.7408,0.455476,0.76834,0.41554,0.764685,0.374298,0.771191,0.441675,0.77408,0.449076,0.806219,0.418258,0.810317,0.388602,0.80782,0.451763,0.803773,0.460423,0.84542,0.429318,0.846719,0.407721,0.840465,0.451817,0.83614,0.464081,2
0.818049,0.576704,0.757595,0.560816,0.71018,0.496608,0.73315,0.437753,0.786297,0.431896,0.730076,0.420291,0.725423,0.376592,0.737743,0.433361,0.744763,0.452549,0.770456,0.409116,0.768654,0.366422,0.776196,0.433794,0.777695,0.443484,0.809438,0.410727,0.816568,0.378369,0.814345,0.442606,0.807375,0.453871,0.849814,0.42184,0.854811,0.396779,0.848375,0.443231,0.840416,0.458944,2
0.820058,0.574703,0.759484,0.558324,0.711105,0.493461,0.733636,0.433612,0.786803,0.428995,0.730832,0.422053,0.724511,0.37154,0.736688,0.43065,0.742462,0.450497,0.770785,0.409973,0.768244,0.363053,0.77618,0.432899,0.777031,0.442547,0.809739,0.409694,0.815529,0.374213,0.814407,0.439796,0.807867,0.450834,0.85014,0.41894,0.854822,0.390414,0.848949,0.438315,0.841568,0.455038,2
0.824157,0.577675,0.762703,0.561547,0.711883,0.495265,0.73322,0.432942,0.787718,0.434168,0.728376,0.420246,0.72165,0.371847,0.735188,0.432525,0.741487,0.452793,0.769364,0.407143,0.765933,0.361225,0.775471,0.433259,0.777759,0.4442,0.809797,0.406826,0.815491,0.373272,0.814766,0.441398,0.8084,0.453201,0.851395,0.41655,0.852913,0.395782,0.847299,0.445384,0.840998,0.459785,2
0.824088,0.577564,0.762329,0.560892,0.712167,0.497366,0.731872,0.434748,0.78524,0.429415,0.730312,0.414539,0.725288,0.371289,0.73654,0.432403,0.742599,0.449847,0.771168,0.402828,0.769201,0.361824,0.775394,0.433362,0.77776,0.43984,0.811034,0.404247,0.818187,0.376071,0.813921,0.443306,0.807513,0.450544,0.852353,0.415211,0.855102,0.395627,0.847476,0.444507,0.841151,0.456579,2
0.806593,0.572289,0.744744,0.557041,0.694181,0.487368,0.717756,0.427617,0.771902,0.430567,0.715667,0.409552,0.710709,0.368804,0.721505,0.432634,0.725164,0.450678,0.75574,0.398213,0.754799,0.360708,0.762634,0.433355,0.762779,0.441361,0.794703,0.399688,0.801863,0.371492,0.801346,0.43868,0.794358,0.445477,0.835142,0.410076,0.838587,0.388911,0.835344,0.440028,0.829271,0.453722,2
0.803609,0.569216,0.74157,0.557485,0.691034,0.488319,0.713266,0.427837,0.765694,0.432414,0.712096,0.410419,0.707414,0.367206,0.717195,0.428295,0.721674,0.447775,0.751812,0.398163,0.750162,0.359599,0.757249,0.428929,0.757956,0.43731,0.790446,0.398157,0.795903,0.369815,0.79522,0.434843,0.789058,0.442814,0.831089,0.406988,0.833949,0.382306,0.829322,0.432819,0.822959,0.447855,2
0.780385,0.556791,0.720347,0.543166,0.670768,0.477534,0.687491,0.418643,0.735214,0.420814,0.688057,0.401478,0.685027,0.358853,0.697762,0.418706,0.699732,0.435654,0.728072,0.390784,0.728614,0.351666,0.738411,0.421118,0.73526,0.430784,0.767182,0.390512,0.773346,0.36117,0.775824,0.425931,0.767865,0.434998,0.807138,0.398241,0.809809,0.372886,0.808723,0.421389,0.802477,0.436657,2
0.772898,0.554527,0.711302,0.542323,0.661379,0.480096,0.681368,0.422358,0.731845,0.422882,0.679099,0.402988,0.675517,0.361927,0.687366,0.421703,0.691168,0.437563,0.719061,0.39131,0.717624,0.352482,0.726236,0.421685,0.725919,0.428866,0.757473,0.390622,0.763214,0.363331,0.764006,0.426922,0.757193,0.432578,0.797893,0.398149,0.801602,0.373486,0.799695,0.422243,0.794005,0.435645,2
0.739321,0.551415,0.679439,0.537988,0.631106,0.473908,0.650728,0.41559,0.698664,0.416096,0.647327,0.406273,0.639422,0.357452,0.652997,0.4132,0.658772,0.437554,0.685378,0.39399,0.682712,0.34665,0.693877,0.412977,0.694622,0.43201,0.723179,0.393306,0.726412,0.355323,0.731042,0.416607,0.726738,0.43395,0.762263,0.401695,0.763407,0.371956,0.762641,0.416995,0.758181,0.436491,2
0.732316,0.550948,0.668719,0.536335,0.6193,0.474258,0.639215,0.419401,0.686932,0.423336,0.640478,0.402664,0.63456,0.358054,0.643653,0.414808,0.648304,0.435122,0.678626,0.392882,0.67524,0.348832,0.681627,0.412619,0.683603,0.428047,0.715412,0.393411,0.717255,0.357519,0.718289,0.416503,0.714861,0.430763,0.753236,0.403616,0.753122,0.371602,0.750647,0.417955,0.747442,0.437201,2
0.692097,0.542375,0.634135,0.531111,0.584909,0.476681,0.595509,0.420977,0.640835,0.419406,0.604702,0.406769,0.593677,0.36741,0.604957,0.419554,0.610669,0.442217,0.641299,0.396201,0.634447,0.355356,0.643514,0.415308,0.646678,0.431623,0.677436,0.39556,0.675919,0.359417,0.678923,0.417036,0.678286,0.433353,0.715273,0.402775,0.709572,0.368849,0.708466,0.41189,0.708424,0.432064,2
0.685613,0.539444,0.625197,0.532051,0.573504,0.475856,0.586015,0.422294,0.631542,0.418081,0.597465,0.403492,0.588172,0.363262,0.595432,0.416686,0.599973,0.437188,0.633137,0.392251,0.625998,0.349777,0.632006,0.410044,0.635949,0.426247,0.668442,0.392008,0.665586,0.356378,0.66809,0.41366,0.667489,0.428198,0.706245,0.401466,0.700039,0.366696,0.699223,0.411989,0.698709,0.431245,2
0.640878,0.542167,0.585372,0.529398,0.542327,0.479136,0.553975,0.425826,0.594725,0.419661,0.563593,0.414082,0.550338,0.369384,0.557827,0.417316,0.564678,0.444659,0.597363,0.40237,0.586688,0.357489,0.593093,0.411266,0.600042,0.434639,0.631668,0.400153,0.625135,0.36057,0.626755,0.412664,0.629281,0.436316,0.669226,0.406116,0.660116,0.371781,0.656168,0.410672,0.656511,0.434212,2
0.636625,0.539263,0.580457,0.527788,0.536468,0.478888,0.54988,0.426775,0.591723,0.419938,0.553989,0.411589,0.542568,0.371086,0.551177,0.417495,0.559497,0.441294,0.587962,0.399779,0.578042,0.356851,0.585535,0.409851,0.593249,0.429364,0.621881,0.397293,0.616242,0.361698,0.618894,0.412353,0.621465,0.429331,0.659328,0.403778,0.650385,0.370481,0.648903,0.407885,0.650557,0.425439,2
0.615593,0.532493,0.562448,0.526806,0.51454,0.482567,0.518697,0.430115,0.557851,0.419013,0.530443,0.416082,0.514386,0.373021,0.523361,0.420961,0.530904,0.439775,0.562391,0.403559,0.549555,0.361531,0.558984,0.417781,0.565927,0.433553,0.595352,0.398857,0.586451,0.362498,0.592084,0.417602,0.59523,0.434519,0.631845,0.400855,0.619044,0.366698,0.61982,0.407115,0.622582,0.426264,2
0.61096,0.531874,0.558326,0.527379,0.510857,0.48496,0.517185,0.433519,0.558523,0.423756,0.524968,0.412137,0.508449,0.374151,0.520356,0.422229,0.529398,0.439276,0.557186,0.398802,0.542543,0.358369,0.552779,0.414684,0.560023,0.429038,0.589905,0.395014,0.580331,0.360988,0.585892,0.41592,0.588625,0.430266,0.625495,0.39915,0.614294,0.365871,0.6141,0.406268,0.616394,0.424322,2
0.593769,0.524001,0.540882,0.523552,0.491032,0.478725,0.494312,0.42503,0.532347,0.416853,0.501893,0.410663,0.483239,0.373441,0.500626,0.42072,0.510817,0.435532,0.533867,0.394698,0.518292,0.358428,0.533702,0.415221,0.540853,0.428669,0.566872,0.389224,0.556089,0.356691,0.56612,0.41236,0.570114,0.426638,0.603046,0.390472,0.590299,0.362913,0.59295,0.401831,0.59586,0.416596,2
0.58721,0.524304,0.536641,0.524711,0.486381,0.483026,0.488792,0.431382,0.529142,0.418663,0.498704,0.408961,0.479919,0.372301,0.497058,0.41743,0.50944,0.436975,0.530302,0.39225,0.514084,0.352999,0.528121,0.409809,0.536985,0.428955,0.562746,0.386751,0.552632,0.355889,0.560701,0.412623,0.56471,0.431307,0.597662,0.389782,0.586773,0.36397,0.586243,0.403998,0.587802,0.421641,2
0.570894,0.519395,0.519555,0.518422,0.468813,0.475684,0.47046,0.42503,0.508931,0.414157,0.482075,0.403478,0.464039,0.375566,0.480051,0.420883,0.489916,0.434019,0.51253,0.385481,0.496121,0.355724,0.510588,0.410723,0.51831,0.422025,0.544446,0.377697,0.532796,0.35547,0.541383,0.410644,0.545223,0.421862,0.579831,0.376313,0.564352,0.357442,0.566963,0.397933,0.570608,0.410619,2
0.565386,0.518769,0.514466,0.517843,0.465059,0.476539,0.466542,0.425999,0.505936,0.413564,0.477026,0.406406,0.460783,0.372738,0.476726,0.419808,0.486047,0.435176,0.508347,0.388289,0.492873,0.353444,0.506761,0.411334,0.51469,0.424277,0.541085,0.380986,0.530132,0.353698,0.537688,0.410411,0.541207,0.422754,0.577487,0.381213,0.56374,0.357474,0.564337,0.398045,0.566704,0.41278,2
0.554402,0.51712,0.503439,0.516026,0.453405,0.475457,0.451842,0.425735,0.488607,0.411983,0.46397,0.402973,0.445314,0.372233,0.462017,0.417908,0.472045,0.432226,0.494906,0.385873,0.4784,0.353203,0.492406,0.410971,0.499992,0.423915,0.527532,0.379156,0.51441,0.35107,0.522642,0.40961,0.527439,0.423715,0.564109,0.378778,0.546637,0.359147,0.548407,0.39948,0.552774,0.412891,2
0.550851,0.517313,0.500543,0.516142,0.449628,0.474339,0.448389,0.42278,0.487528,0.411313,0.463106,0.402153,0.443525,0.368659,0.461024,0.418332,0.471018,0.433362,0.494358,0.386065,0.475374,0.351241,0.489573,0.41183,0.497535,0.422502,0.5271,0.379705,0.512912,0.349252,0.520726,0.4109,0.525762,0.423291,0.563347,0.379531,0.547062,0.35614,0.547369,0.398505,0.551814,0.411692,2
0.537654,0.519284,0.486343,0.513517,0.43707,0.473233,0.436681,0.423715,0.47431,0.408514,0.450627,0.397811,0.430303,0.371105,0.445693,0.420432,0.455831,0.431525,0.481904,0.383143,0.462814,0.352271,0.475494,0.412749,0.484899,0.421559,0.514688,0.37903,0.499405,0.351838,0.506193,0.413127,0.512569,0.423548,0.551361,0.381867,0.531749,0.362972,0.532404,0.403982,0.538341,0.414382,2
0.537055,0.518254,0.486868,0.514327,0.437355,0.475274,0.436669,0.426397,0.474734,0.409866,0.45011,0.401784,0.429474,0.368838,0.447216,0.41915,0.457479,0.430416,0.481908,0.385882,0.462751,0.351225,0.476427,0.413406,0.485095,0.421943,0.514902,0.379887,0.499872,0.353486,0.506812,0.414665,0.512865,0.423065,0.551432,0.380101,0.533307,0.361771,0.533537,0.402686,0.539441,0.412153,2
0.51831,0.507629,0.467139,0.499717,0.42259,0.45419,0.42775,0.407455,0.464683,0.393858,0.437004,0.383011,0.41871,0.352555,0.431522,0.398345,0.440961,0.415242,0.467953,0.368888,0.450858,0.334863,0.461023,0.392043,0.469793,0.409061,0.501082,0.365144,0.487686,0.344241,0.493536,0.402505,0.499161,0.416738,0.537521,0.368103,0.520364,0.353138,0.519716,0.393936,0.524289,0.40713,2
0.512865,0.505004,0.465189,0.497128,0.420677,0.458559,0.420423,0.409729,0.454473,0.38612,0.435034,0.382774,0.416835,0.352004,0.429382,0.400393,0.439438,0.41577,0.465945,0.367997,0.448088,0.332506,0.458055,0.391043,0.467559,0.403907,0.498522,0.363279,0.483615,0.340979,0.488771,0.399554,0.495041,0.409838,0.535361,0.365545,0.516581,0.347546,0.514952,0.38912,0.518991,0.40173,2
0.494909,0.504647,0.446619,0.497646,0.400144,0.45761,0.401214,0.409886,0.435496,0.390409,0.415916,0.379777,0.396728,0.354914,0.410205,0.404713,0.420262,0.416606,0.447794,0.364379,0.428264,0.334034,0.437858,0.394235,0.447334,0.404703,0.480541,0.36057,0.465017,0.341441,0.468934,0.400535,0.474207,0.409111,0.517462,0.364105,0.499217,0.349985,0.496922,0.391398,0.500288,0.401753,2
0.483494,0.509651,0.434588,0.504016,0.385956,0.461847,0.386153,0.412243,0.421311,0.395998,0.401238,0.383277,0.382859,0.357717,0.396736,0.407955,0.4073,0.420927,0.432537,0.36744,0.413489,0.336386,0.424055,0.398113,0.434294,0.409287,0.465518,0.362513,0.449911,0.342976,0.455779,0.403834,0.462525,0.413187,0.50292,0.365423,0.484396,0.347668,0.483587,0.389682,0.488458,0.400092,2
0.478241,0.504642,0.428828,0.501329,0.376529,0.461926,0.373076,0.410159,0.410649,0.3904,0.392385,0.378296,0.37209,0.35225,0.385884,0.403473,0.396096,0.414898,0.42405,0.361127,0.40256,0.333734,0.415442,0.396502,0.426808,0.406274,0.457222,0.354953,0.439478,0.340105,0.447781,0.402002,0.455613,0.409614,0.495344,0.355841,0.473421,0.348121,0.475394,0.39085,0.482086,0.39734,2
0.470867,0.507767,0.417979,0.501008,0.366288,0.458743,0.364408,0.408136,0.402959,0.390109,0.382597,0.373648,0.359987,0.35269,0.375535,0.405997,0.386168,0.4155,0.413449,0.355643,0.389408,0.333509,0.403306,0.397746,0.415304,0.403907,0.447009,0.348834,0.427499,0.338938,0.436811,0.402206,0.445439,0.405894,0.486017,0.349535,0.462383,0.346017,0.464715,0.388931,0.472086,0.392181,2
0.469142,0.504693,0.414656,0.497121,0.365991,0.456075,0.365643,0.405783,0.401569,0.384226,0.380228,0.371842,0.358733,0.346669,0.372585,0.398656,0.384687,0.41554,0.411274,0.354637,0.388447,0.328361,0.401685,0.391715,0.415186,0.40512,0.445001,0.34778,0.425535,0.330956,0.434202,0.393254,0.444563,0.404663,0.484563,0.348489,0.461028,0.337593,0.4618,0.38083,0.469259,0.390584,2
0.473239,0.488241,0.417764,0.48261,0.366522,0.442607,0.364619,0.392069,0.400963,0.371916,0.382351,0.359646,0.360294,0.3334,0.376956,0.383657,0.389446,0.400177,0.414459,0.342704,0.391023,0.312611,0.404829,0.374075,0.416766,0.388569,0.448733,0.335321,0.429176,0.314745,0.437367,0.378025,0.44574,0.392967,0.487782,0.334445,0.465747,0.322865,0.465577,0.365585,0.471165,0.375401,2
0.474904,0.485159,0.419036,0.480477,0.368279,0.440716,0.367765,0.38794,0.406776,0.369488,0.38151,0.356776,0.362153,0.330997,0.37786,0.383724,0.388824,0.397142,0.413696,0.338322,0.39272,0.310264,0.407267,0.374367,0.419031,0.385085,0.447918,0.330001,0.430581,0.311059,0.439938,0.373896,0.44887,0.383931,0.487181,0.328782,0.466406,0.315469,0.467439,0.358629,0.473838,0.367847,2
0.478369,0.481633,0.422741,0.479373,0.370559,0.439596,0.370214,0.385722,0.409429,0.364654,0.382353,0.352135,0.363745,0.328326,0.379913,0.380792,0.390796,0.394991,0.415046,0.333183,0.394109,0.304732,0.408322,0.370193,0.419764,0.382091,0.449651,0.325691,0.433439,0.308113,0.441525,0.371711,0.449567,0.382324,0.48917,0.325916,0.469684,0.312062,0.469478,0.355014,0.474723,0.365089,2
0.477898,0.468716,0.422439,0.463754,0.370316,0.419916,0.369535,0.367981,0.408086,0.348223,0.387321,0.339994,0.365826,0.312262,0.382265,0.363338,0.395037,0.379153,0.419525,0.322176,0.396794,0.29064,0.410036,0.354464,0.42215,0.367499,0.453695,0.314811,0.435295,0.293941,0.442799,0.35765,0.451368,0.369605,0.492255,0.313993,0.472087,0.298704,0.470745,0.34268,0.47603,0.353973,2
0.47286,0.465234,0.417695,0.461043,0.365657,0.419023,0.363317,0.365048,0.401131,0.345705,0.380776,0.333261,0.359739,0.310145,0.372976,0.360156,0.383856,0.374048,0.412325,0.314843,0.389229,0.289849,0.402463,0.352339,0.415405,0.364323,0.446151,0.306808,0.427089,0.292379,0.435167,0.355704,0.444104,0.366929,0.485645,0.305546,0.463003,0.29617,0.462682,0.340243,0.468259,0.350991,2
0.471668,0.462947,0.417033,0.460058,0.365566,0.419704,0.36404,0.365366,0.402842,0.344471,0.37841,0.333979,0.357666,0.30904,0.371864,0.358596,0.384622,0.375784,0.409684,0.314889,0.387004,0.28689,0.400617,0.347692,0.413632,0.363501,0.443448,0.30631,0.425014,0.290387,0.433851,0.351342,0.442934,0.364209,0.482885,0.30482,0.460739,0.295271,0.461317,0.337495,0.467405,0.347873,2
0.469015,0.464595,0.413471,0.460652,0.361539,0.419228,0.359829,0.364977,0.400233,0.347824,0.377008,0.335642,0.354976,0.309372,0.369206,0.358462,0.381674,0.374871,0.408317,0.316982,0.384276,0.287164,0.397768,0.347466,0.411117,0.362676,0.441691,0.308821,0.422321,0.29044,0.431048,0.351443,0.44046,0.365113,0.480685,0.307866,0.457793,0.29257,0.458032,0.335398,0.463998,0.348899,2
0.456052,0.468134,0.402218,0.459627,0.351066,0.420733,0.346509,0.369854,0.384684,0.34921,0.366645,0.336279,0.343025,0.313492,0.356799,0.363011,0.368343,0.373967,0.397237,0.317993,0.372687,0.2919,0.385658,0.353162,0.39821,0.363318,0.430679,0.309767,0.410254,0.294764,0.418589,0.356717,0.427345,0.366829,0.469576,0.308618,0.446036,0.297921,0.44616,0.341154,0.452174,0.352386,2
0.443128,0.483458,0.389398,0.474542,0.339902,0.436612,0.338649,0.386504,0.375681,0.364052,0.350783,0.354609,0.328038,0.329324,0.344227,0.3815,0.35691,0.39365,0.381883,0.334524,0.35783,0.306379,0.373008,0.370679,0.386412,0.378424,0.416192,0.324569,0.395313,0.307057,0.406146,0.371748,0.417265,0.379656,0.456162,0.32249,0.431106,0.309565,0.432718,0.355545,0.441113,0.366267,2
0.440602,0.484417,0.388585,0.476946,0.339035,0.43759,0.338118,0.386746,0.376172,0.365706,0.350987,0.353607,0.32642,0.331236,0.343128,0.382413,0.35734,0.394231,0.381087,0.334897,0.355187,0.307808,0.370678,0.370518,0.384927,0.380363,0.414126,0.326188,0.391228,0.308872,0.401953,0.372054,0.413192,0.380314,0.453267,0.32447,0.426294,0.315166,0.428511,0.359822,0.43709,0.369035,2
0.450023,0.460416,0.394974,0.448477,0.346191,0.41268,0.345813,0.366307,0.381852,0.344311,0.360112,0.333794,0.337029,0.308501,0.352005,0.357406,0.364942,0.373474,0.390789,0.317046,0.367416,0.287709,0.379384,0.347733,0.391918,0.363568,0.423874,0.308594,0.403504,0.290202,0.410702,0.349048,0.419955,0.362249,0.461493,0.307882,0.437813,0.295564,0.437789,0.338222,0.444871,0.350248,2
0.448227,0.452548,0.395971,0.440935,0.350202,0.405446,0.350076,0.358405,0.387903,0.334188,0.364072,0.322999,0.342106,0.300574,0.356094,0.347902,0.369636,0.36511,0.395036,0.306618,0.372705,0.27983,0.384111,0.338253,0.396986,0.355246,0.428444,0.299561,0.409543,0.283744,0.415962,0.342119,0.42496,0.356927,0.466582,0.300505,0.444622,0.286912,0.443212,0.329615,0.448929,0.345209,2
0.47027,0.441127,0.418777,0.4342,0.369151,0.39828,0.36979,0.34773,0.407494,0.323833,0.381145,0.319177,0.361259,0.290797,0.376506,0.340222,0.38717,0.354051,0.412813,0.3017,0.392523,0.270341,0.406197,0.329151,0.416589,0.341824,0.446631,0.294128,0.42965,0.272301,0.438664,0.331846,0.446117,0.345492,0.485094,0.294047,0.463671,0.276857,0.464644,0.320446,0.470135,0.334843,2
0.473751,0.442955,0.423212,0.437434,0.372602,0.399531,0.374196,0.347443,0.41506,0.324207,0.384259,0.318525,0.362978,0.29226,0.382429,0.342625,0.394122,0.352279,0.416079,0.299868,0.394348,0.271044,0.410974,0.333626,0.42153,0.341849,0.449572,0.292286,0.432171,0.274532,0.442592,0.336863,0.450912,0.345911,0.487547,0.291826,0.46647,0.277681,0.467438,0.322222,0.473255,0.334387,2
0.481974,0.439903,0.432095,0.4316,0.383598,0.392669,0.386482,0.340562,0.42692,0.316187,0.393843,0.316557,0.372093,0.288149,0.391003,0.335997,0.404113,0.349367,0.425081,0.297071,0.404556,0.26489,0.419303,0.32323,0.429117,0.336128,0.458558,0.288788,0.442472,0.267038,0.451088,0.325659,0.457661,0.33805,0.49659,0.288631,0.47717,0.274923,0.47701,0.317246,0.481613,0.330293,2
0.484605,0.438434,0.431974,0.431885,0.384006,0.392276,0.388026,0.337495,0.428935,0.313944,0.395606,0.315943,0.373726,0.286446,0.389395,0.332612,0.402607,0.348183,0.4267,0.296606,0.406026,0.264559,0.419475,0.319707,0.431584,0.334269,0.45959,0.288707,0.442945,0.265613,0.451045,0.321863,0.459985,0.335716,0.497376,0.28877,0.476128,0.271052,0.475987,0.313043,0.482161,0.328741,2
0.485186,0.437429,0.434306,0.430344,0.387384,0.391911,0.389634,0.338117,0.429318,0.311496,0.396516,0.314336,0.375806,0.285478,0.392142,0.332587,0.405091,0.34837,0.427784,0.295378,0.408008,0.263328,0.421914,0.319977,0.43316,0.334335,0.461088,0.287396,0.445249,0.265036,0.453819,0.322659,0.461911,0.336452,0.499113,0.287028,0.478486,0.269542,0.47846,0.311608,0.48376,0.326494,2
0.494108,0.435784,0.444493,0.432752,0.395677,0.395158,0.39975,0.340839,0.439345,0.315775,0.406796,0.319042,0.383851,0.283322,0.401285,0.329823,0.415301,0.348938,0.439057,0.300737,0.417766,0.262232,0.432263,0.318344,0.443694,0.337062,0.47281,0.292441,0.456348,0.263243,0.465266,0.321012,0.473035,0.340227,0.511075,0.291417,0.492142,0.268546,0.490945,0.309601,0.495156,0.327735,2
0.509896,0.443922,0.460099,0.434393,0.412359,0.399483,0.416331,0.345799,0.458785,0.319453,0.425824,0.327139,0.401533,0.295915,0.418678,0.342904,0.431932,0.356109,0.457862,0.308825,0.436146,0.274202,0.450877,0.328542,0.462145,0.342157,0.491275,0.299579,0.473993,0.273304,0.482774,0.328337,0.489919,0.341847,0.528639,0.297474,0.509225,0.277993,0.509217,0.318606,0.514203,0.333229,2
0.513232,0.443803,0.464849,0.438303,0.418049,0.401361,0.424029,0.350147,0.463432,0.322464,0.430295,0.326773,0.406921,0.29543,0.423374,0.343726,0.436973,0.358042,0.462134,0.309022,0.442149,0.275055,0.456162,0.331497,0.467712,0.345277,0.495622,0.30062,0.478948,0.272981,0.487098,0.329901,0.494426,0.34398,0.533702,0.299324,0.513914,0.276989,0.514133,0.318766,0.519426,0.334481,2
0.540335,0.446858,0.489851,0.439423,0.442503,0.405324,0.446608,0.351267,0.48938,0.324317,0.452357,0.335942,0.42856,0.302586,0.447133,0.349387,0.460409,0.363754,0.484052,0.315963,0.464288,0.284395,0.481578,0.337325,0.492366,0.349677,0.516908,0.304727,0.502075,0.283141,0.512632,0.334799,0.518448,0.34537,0.553137,0.300605,0.53676,0.288087,0.539311,0.326448,0.543588,0.337118,2
0.547684,0.44997,0.499038,0.442584,0.452573,0.404444,0.45946,0.35059,0.501461,0.324675,0.462791,0.33916,0.438907,0.303774,0.45866,0.349509,0.471971,0.364327,0.494287,0.319169,0.475178,0.283475,0.492522,0.337915,0.502547,0.35186,0.527247,0.308873,0.514685,0.283884,0.525003,0.338273,0.529943,0.351137,0.563839,0.30589,0.549038,0.28682,0.550976,0.326332,0.554449,0.338988,2
0.563347,0.454217,0.51623,0.445828,0.470055,0.403672,0.480392,0.349472,0.52386,0.326779,0.479582,0.345634,0.459212,0.30787,0.474267,0.354745,0.485331,0.371295,0.510769,0.327057,0.493685,0.287613,0.507958,0.342944,0.517605,0.356925,0.543762,0.317132,0.533475,0.284685,0.540993,0.339753,0.544652,0.354697,0.58012,0.314353,0.568214,0.287548,0.568916,0.327588,0.571398,0.343082,2
0.568613,0.451517,0.521602,0.448076,0.476437,0.408773,0.484944,0.354568,0.525305,0.329304,0.484884,0.346444,0.465463,0.306082,0.482204,0.352888,0.493508,0.368767,0.515952,0.328199,0.500763,0.286074,0.515744,0.341807,0.52395,0.35656,0.548683,0.318916,0.539233,0.283303,0.548094,0.338902,0.55122,0.354149,0.585349,0.316676,0.574833,0.287947,0.575695,0.329589,0.576853,0.34692,2
0.58091,0.458726,0.534627,0.457171,0.488969,0.411666,0.499007,0.354218,0.541007,0.331604,0.500115,0.354842,0.479737,0.31066,0.491976,0.356959,0.502813,0.376901,0.530665,0.337624,0.51467,0.293204,0.526688,0.346632,0.535127,0.361421,0.563173,0.328305,0.552971,0.28659,0.558796,0.340523,0.560885,0.357689,0.599101,0.324929,0.589478,0.291275,0.58843,0.33268,0.588213,0.35364,2
0.585152,0.460552,0.538525,0.459481,0.492976,0.416147,0.505633,0.358303,0.550878,0.335449,0.503241,0.35859,0.481765,0.313105,0.497706,0.360514,0.50945,0.379144,0.534148,0.339938,0.517206,0.294017,0.532078,0.351054,0.541019,0.367091,0.56683,0.330728,0.554658,0.289836,0.562578,0.34731,0.565956,0.365308,0.603511,0.3276,0.591882,0.293257,0.591363,0.337193,0.592064,0.359634,2
0.601588,0.466869,0.554076,0.463271,0.507695,0.420416,0.518205,0.363756,0.561531,0.341544,0.517091,0.362174,0.495049,0.31765,0.512175,0.366203,0.522659,0.380778,0.548269,0.343849,0.531082,0.300748,0.546553,0.357384,0.553623,0.368427,0.580777,0.334043,0.569507,0.295358,0.579404,0.351658,0.582591,0.366069,0.615885,0.331036,0.604999,0.299618,0.607502,0.342852,0.609314,0.362291,2
0.605381,0.468505,0.557484,0.464483,0.51284,0.423847,0.523697,0.368208,0.565684,0.345031,0.518599,0.360663,0.49817,0.316583,0.517791,0.364744,0.529556,0.381856,0.550148,0.343415,0.534535,0.298125,0.551785,0.356365,0.559387,0.372091,0.583244,0.334876,0.574444,0.295589,0.584585,0.35359,0.587676,0.371646,0.619467,0.333496,0.610222,0.30046,0.611213,0.343531,0.6116,0.364791,2
0.619316,0.474243,0.570716,0.468133,0.527576,0.428791,0.539023,0.375717,0.579613,0.350518,0.537329,0.363843,0.518741,0.322403,0.532548,0.372402,0.540447,0.383198,0.568671,0.3499,0.552192,0.306052,0.565017,0.364218,0.57163,0.371647,0.601491,0.343342,0.591314,0.30185,0.59868,0.358732,0.60162,0.369695,0.636717,0.343358,0.625637,0.310403,0.626385,0.353704,0.628428,0.370469,2
0.62109,0.473505,0.576208,0.468873,0.533434,0.431508,0.54283,0.379298,0.582623,0.354662,0.538683,0.365072,0.523169,0.321115,0.538056,0.37318,0.546525,0.390759,0.570323,0.34906,0.558185,0.30542,0.571998,0.365021,0.578014,0.376437,0.603701,0.341933,0.596857,0.301604,0.604801,0.359927,0.606356,0.374489,0.639881,0.341734,0.63208,0.309703,0.632388,0.352505,0.632101,0.370511,2
0.642035,0.478293,0.591964,0.472046,0.549092,0.430033,0.559274,0.378484,0.600509,0.358016,0.557773,0.376213,0.54037,0.331165,0.555341,0.378786,0.562979,0.392249,0.58948,0.359351,0.574563,0.311987,0.588357,0.366218,0.595722,0.376416,0.622571,0.351382,0.613931,0.30939,0.621632,0.362426,0.624803,0.375012,0.658358,0.350243,0.648343,0.318702,0.649231,0.357585,0.651367,0.37395,2
0.64436,0.478207,0.595543,0.472769,0.553839,0.42773,0.568162,0.376493,0.610727,0.357958,0.559495,0.373864,0.544467,0.327599,0.559747,0.376626,0.567519,0.393922,0.591215,0.357807,0.578772,0.310432,0.592176,0.366541,0.598001,0.3779,0.624758,0.350789,0.618842,0.309924,0.626081,0.365099,0.627786,0.378948,0.661112,0.350215,0.652646,0.319028,0.653115,0.358223,0.654523,0.374513,2
0.663074,0.482282,0.612825,0.475106,0.571081,0.432313,0.581495,0.38345,0.620687,0.366596,0.574491,0.378396,0.55886,0.336009,0.575788,0.38338,0.582468,0.398331,0.606652,0.362513,0.593121,0.317506,0.608733,0.371223,0.61526,0.380522,0.64065,0.354981,0.633804,0.318341,0.642754,0.371435,0.644951,0.381159,0.67649,0.354193,0.667049,0.329976,0.66892,0.368225,0.671526,0.379245,2
0.664551,0.487855,0.615936,0.478346,0.575265,0.430869,0.589605,0.382826,0.630178,0.367319,0.579612,0.378971,0.565652,0.334508,0.58027,0.381899,0.58785,0.399056,0.611036,0.362989,0.597679,0.318378,0.611247,0.373048,0.619796,0.384411,0.644709,0.355815,0.637297,0.321001,0.644063,0.373385,0.647429,0.38509,0.681091,0.354793,0.670834,0.328867,0.669952,0.367137,0.671889,0.380956,2
0.680482,0.486195,0.631792,0.477502,0.588869,0.428912,0.602178,0.37818,0.642986,0.366329,0.593663,0.378868,0.58056,0.33186,0.596053,0.380591,0.601252,0.397595,0.625641,0.363744,0.613535,0.317061,0.628068,0.373779,0.633975,0.383747,0.658895,0.357227,0.652494,0.318909,0.659557,0.373266,0.66129,0.384855,0.693884,0.357587,0.685139,0.327621,0.685779,0.36769,0.687697,0.382644,2
0.683351,0.484897,0.634662,0.474957,0.592604,0.429187,0.604939,0.380957,0.645919,0.36691,0.599274,0.376025,0.586312,0.330313,0.599934,0.379047,0.606391,0.394346,0.630024,0.361595,0.617788,0.314308,0.629972,0.372115,0.636994,0.381514,0.662172,0.354979,0.656946,0.31747,0.662772,0.374543,0.664583,0.385007,0.697464,0.355017,0.689032,0.325226,0.688773,0.368013,0.690202,0.383378,2
0.693144,0.479889,0.646659,0.46625,0.608707,0.418519,0.625644,0.368653,0.664845,0.353278,0.612973,0.370468,0.600434,0.324006,0.61562,0.370204,0.622448,0.388687,0.644431,0.357045,0.633459,0.308748,0.647465,0.363881,0.653716,0.37686,0.676998,0.351888,0.673462,0.31443,0.679009,0.366551,0.679186,0.379305,0.711599,0.353738,0.706502,0.324176,0.705926,0.361564,0.705371,0.377024,2
0.694901,0.478126,0.64934,0.466168,0.611035,0.419533,0.624675,0.373493,0.662246,0.357823,0.617438,0.36738,0.605749,0.322514,0.621247,0.370378,0.627692,0.38625,0.648648,0.354425,0.638217,0.307899,0.65181,0.365574,0.657868,0.376271,0.680899,0.350189,0.678496,0.313689,0.684,0.368656,0.684108,0.379267,0.715686,0.352674,0.71206,0.323751,0.710631,0.363821,0.709082,0.378861,2
0.705104,0.480743,0.659165,0.465836,0.621977,0.415634,0.638168,0.370025,0.676226,0.356739,0.627769,0.370049,0.615541,0.32208,0.631147,0.369892,0.637183,0.387094,0.659209,0.356744,0.649012,0.30806,0.6623,0.365364,0.667049,0.376392,0.692102,0.35183,0.689602,0.314205,0.694834,0.368593,0.693855,0.3796,0.726773,0.353715,0.723459,0.323434,0.722825,0.362655,0.721322,0.377914,2
0.707908,0.481833,0.660516,0.46862,0.622237,0.420618,0.640369,0.372448,0.682658,0.356512,0.628517,0.369203,0.617984,0.322653,0.631941,0.370857,0.639148,0.387852,0.660852,0.356187,0.651871,0.307232,0.663973,0.366018,0.670228,0.378385,0.693494,0.351232,0.691531,0.314011,0.695754,0.369783,0.696056,0.381294,0.728499,0.353382,0.724863,0.32128,0.722692,0.361665,0.721558,0.377982,2
0.713939,0.482562,0.666627,0.466858,0.630321,0.417814,0.645489,0.371404,0.682866,0.356346,0.636785,0.369373,0.626282,0.322913,0.638816,0.369281,0.645159,0.38916,0.668434,0.357717,0.659845,0.310361,0.671008,0.364817,0.676514,0.379117,0.701033,0.353901,0.698827,0.316964,0.702444,0.368723,0.701712,0.382831,0.735878,0.356887,0.732124,0.32417,0.729883,0.362236,0.728072,0.37999,2
0.716552,0.482436,0.669439,0.468523,0.632433,0.421675,0.649967,0.372734,0.691726,0.355203,0.639318,0.367899,0.629965,0.323076,0.640758,0.371464,0.647231,0.387796,0.67152,0.355908,0.66376,0.311195,0.673223,0.368512,0.679397,0.378755,0.70403,0.352312,0.701635,0.317516,0.704265,0.372151,0.705283,0.382934,0.739234,0.355517,0.734187,0.324661,0.730841,0.364984,0.730266,0.380904,2
0.721868,0.483662,0.674332,0.467066,0.639498,0.418777,0.658367,0.374798,0.696764,0.357306,0.646628,0.368074,0.639479,0.324635,0.649025,0.37064,0.653718,0.387383,0.678302,0.357376,0.671651,0.311675,0.680019,0.366561,0.684929,0.378047,0.710903,0.354278,0.710681,0.317676,0.712269,0.369971,0.711004,0.381818,0.745841,0.358049,0.743215,0.325343,0.740155,0.363377,0.737929,0.379667,2
0.724303,0.484646,0.675341,0.470941,0.639721,0.423452,0.66032,0.377363,0.700783,0.360469,0.646419,0.368695,0.639638,0.325947,0.651179,0.373557,0.655632,0.386191,0.679293,0.357427,0.674182,0.316522,0.683331,0.372339,0.686019,0.377816,0.711931,0.353731,0.71199,0.321113,0.71465,0.373653,0.712842,0.379769,0.746991,0.357158,0.745665,0.328028,0.743189,0.367286,0.740994,0.38088,2
0.729845,0.487826,0.681014,0.470707,0.647837,0.424186,0.668099,0.378899,0.706907,0.364029,0.654654,0.373552,0.648942,0.329625,0.65646,0.375114,0.659909,0.390267,0.686666,0.36339,0.682608,0.321188,0.688259,0.373877,0.691314,0.38119,0.719123,0.359821,0.720162,0.323504,0.719676,0.37428,0.718309,0.384565,0.753607,0.362926,0.752508,0.329574,0.748054,0.367407,0.745925,0.384287,2
0.72998,0.490135,0.681864,0.473034,0.648805,0.42797,0.667845,0.382745,0.707074,0.36392,0.656602,0.375558,0.651367,0.335014,0.659375,0.381716,0.662199,0.393461,0.688683,0.364751,0.685479,0.325194,0.692116,0.378952,0.694775,0.383247,0.721194,0.361255,0.722737,0.326533,0.722824,0.37619,0.720537,0.382163,0.755971,0.364677,0.755144,0.336201,0.750922,0.373387,0.747954,0.386406,2
0.738887,0.494124,0.690001,0.476816,0.656592,0.42794,0.678518,0.383634,0.718282,0.371037,0.662525,0.37915,0.657259,0.336799,0.666134,0.383144,0.670426,0.397713,0.694605,0.367825,0.690449,0.325792,0.697393,0.379629,0.701551,0.387914,0.727431,0.365281,0.728073,0.331924,0.728257,0.382827,0.727102,0.392716,0.762234,0.37043,0.76036,0.343644,0.755941,0.380851,0.75322,0.395332,2
0.742229,0.495078,0.69335,0.479916,0.65839,0.430148,0.678344,0.383482,0.71826,0.372233,0.665276,0.381361,0.658917,0.337143,0.668721,0.383362,0.673011,0.398862,0.697038,0.370224,0.692274,0.326735,0.70041,0.381182,0.704154,0.39006,0.729097,0.366766,0.730099,0.331396,0.731431,0.381822,0.729577,0.390533,0.763008,0.370661,0.762617,0.343986,0.759386,0.381666,0.756861,0.395558,2
0.743352,0.498766,0.693092,0.479635,0.66024,0.430002,0.681295,0.384032,0.720356,0.373296,0.667121,0.383555,0.660468,0.338784,0.669312,0.382987,0.673595,0.400422,0.699269,0.373502,0.694245,0.328424,0.700977,0.380776,0.705386,0.392923,0.73183,0.371582,0.732146,0.332201,0.732379,0.381042,0.731273,0.393148,0.76626,0.377325,0.764587,0.348246,0.760204,0.384722,0.757698,0.400721,2
0.746109,0.503343,0.699678,0.482972,0.668585,0.433677,0.688621,0.39148,0.72427,0.381696,0.676406,0.385241,0.668695,0.342289,0.678863,0.388029,0.683592,0.406478,0.708502,0.375976,0.701825,0.331707,0.710201,0.386962,0.715551,0.400577,0.7417,0.374599,0.740348,0.338704,0.74244,0.390231,0.7432,0.403086,0.776615,0.380132,0.772491,0.35133,0.768966,0.389315,0.768061,0.405607,2
0.749814,0.499352,0.701672,0.482795,0.668349,0.434748,0.690322,0.390774,0.731733,0.378938,0.674459,0.380829,0.668968,0.339034,0.680076,0.389198,0.684765,0.401269,0.707882,0.371187,0.703167,0.328049,0.711118,0.386828,0.714995,0.392466,0.741392,0.369923,0.740705,0.33608,0.742253,0.390881,0.74302,0.396609,0.777242,0.375735,0.775156,0.350423,0.770971,0.390594,0.769909,0.403427,2
0.75356,0.512599,0.704777,0.489542,0.674457,0.435414,0.6978,0.391505,0.735753,0.383589,0.682943,0.392302,0.6764,0.347336,0.685927,0.393823,0.689748,0.413026,0.715669,0.384749,0.710736,0.338361,0.717743,0.394149,0.720845,0.407093,0.748663,0.384222,0.748113,0.344209,0.748664,0.396355,0.748324,0.409562,0.783061,0.390144,0.779856,0.359081,0.775366,0.397276,0.773723,0.414979,2
0.757245,0.509945,0.709874,0.491223,0.676684,0.439444,0.697617,0.395952,0.73767,0.384953,0.68283,0.388708,0.678304,0.347665,0.687625,0.398076,0.691138,0.411116,0.715647,0.379077,0.712933,0.337944,0.719423,0.39664,0.722851,0.401581,0.749567,0.378071,0.750603,0.345391,0.750818,0.40023,0.750868,0.405449,0.78555,0.384035,0.783744,0.360214,0.778782,0.400578,0.777397,0.412591,2
0.759335,0.517436,0.713196,0.497076,0.681899,0.442799,0.704272,0.399052,0.743553,0.391054,0.691157,0.396518,0.68395,0.3519,0.693673,0.399569,0.698028,0.418968,0.723418,0.387554,0.718259,0.342417,0.726066,0.398675,0.729945,0.411667,0.756701,0.386909,0.757233,0.350686,0.758557,0.402983,0.757946,0.415259,0.791672,0.393251,0.790212,0.364075,0.786339,0.402298,0.784156,0.418748,2
0.76248,0.518039,0.717451,0.497524,0.685221,0.446417,0.705345,0.402933,0.743854,0.391036,0.689,0.396965,0.683585,0.352264,0.695785,0.402574,0.700459,0.416334,0.722631,0.387593,0.720139,0.34526,0.72865,0.404318,0.731314,0.410753,0.756675,0.386168,0.757596,0.353628,0.759523,0.408156,0.758915,0.413388,0.792293,0.39148,0.79178,0.365715,0.788165,0.405297,0.786441,0.417526,2
0.765056,0.521267,0.719335,0.500496,0.687939,0.448473,0.70938,0.406095,0.747627,0.397168,0.695897,0.396964,0.68981,0.355654,0.700992,0.40511,0.705642,0.42076,0.728438,0.388661,0.724952,0.347188,0.732488,0.405372,0.735438,0.413618,0.76148,0.388595,0.763609,0.356834,0.764086,0.410143,0.762823,0.417396,0.79597,0.395467,0.796129,0.368895,0.791746,0.407779,0.789127,0.421361,2
0.769273,0.525244,0.724148,0.505864,0.691555,0.453054,0.712362,0.409327,0.751527,0.397937,0.698031,0.400308,0.693383,0.359177,0.705398,0.408952,0.709738,0.423494,0.731104,0.390737,0.728926,0.348383,0.738215,0.407653,0.740799,0.416713,0.765007,0.389593,0.7689,0.359946,0.770431,0.414776,0.767722,0.42214,0.800404,0.395892,0.802206,0.371223,0.798767,0.41053,0.795033,0.423569,2
0.769819,0.524362,0.725023,0.507372,0.691667,0.455133,0.712255,0.411218,0.751884,0.399196,0.6976,0.40136,0.692269,0.359063,0.705716,0.410116,0.710571,0.424492,0.73125,0.39052,0.729503,0.349577,0.73923,0.410299,0.741679,0.418147,0.765689,0.388832,0.769133,0.358471,0.770871,0.414463,0.768438,0.420839,0.801965,0.394274,0.804324,0.369674,0.800536,0.40921,0.796763,0.42087,2
0.773131,0.534312,0.727187,0.513798,0.694193,0.462409,0.714725,0.418495,0.753924,0.409045,0.703031,0.405776,0.69681,0.365045,0.707259,0.415838,0.711898,0.431834,0.737173,0.397658,0.73322,0.357395,0.741487,0.416892,0.745096,0.425175,0.77118,0.397853,0.772915,0.36847,0.774365,0.4227,0.773623,0.430135,0.806419,0.40539,0.806719,0.379601,0.802748,0.4194,0.799934,0.433318,2
0.774208,0.534213,0.727976,0.515924,0.693761,0.464887,0.714763,0.420437,0.756479,0.409767,0.702948,0.405552,0.6994,0.363925,0.709704,0.417053,0.714127,0.42885,0.737299,0.397115,0.735624,0.358164,0.742574,0.420239,0.745633,0.424446,0.771187,0.396605,0.774083,0.367652,0.774452,0.423721,0.77372,0.427169,0.806933,0.402867,0.807686,0.376712,0.803711,0.417159,0.801957,0.4281,2
0.776201,0.542788,0.730429,0.522019,0.69577,0.469284,0.716008,0.423917,0.758211,0.416473,0.701274,0.41422,0.69718,0.374184,0.709001,0.426045,0.712283,0.437351,0.73632,0.403803,0.734308,0.365135,0.743736,0.425659,0.745698,0.428646,0.77147,0.401783,0.774756,0.374049,0.776231,0.428586,0.773982,0.430676,0.807696,0.406787,0.809699,0.384361,0.806179,0.424672,0.803258,0.434789,2
0.777329,0.540277,0.731307,0.521784,0.697158,0.470912,0.718594,0.42614,0.761283,0.417559,0.70346,0.411937,0.700101,0.371448,0.711755,0.42389,0.715954,0.436362,0.737716,0.401665,0.736197,0.364603,0.745021,0.425853,0.747166,0.430566,0.771834,0.400036,0.775251,0.373012,0.777075,0.427114,0.774876,0.430336,0.807446,0.40552,0.809859,0.383361,0.806504,0.423403,0.803014,0.434315,2
0.773251,0.540575,0.727472,0.52224,0.693758,0.470296,0.717807,0.426784,0.759504,0.414673,0.697934,0.413441,0.695169,0.374043,0.706706,0.425616,0.710713,0.439738,0.732123,0.401584,0.732659,0.364566,0.74213,0.426203,0.743668,0.433276,0.766918,0.39909,0.772134,0.372586,0.774437,0.42668,0.77106,0.431074,0.803009,0.404264,0.806453,0.384576,0.803224,0.424013,0.798519,0.43397,2
0.773207,0.541134,0.726939,0.524008,0.692238,0.471644,0.713909,0.427303,0.755147,0.418498,0.696333,0.414257,0.692394,0.373616,0.704643,0.424881,0.708985,0.440692,0.730898,0.403164,0.729653,0.364519,0.739711,0.425907,0.742153,0.433826,0.766167,0.401412,0.769403,0.371798,0.771583,0.426394,0.769419,0.432125,0.803037,0.407172,0.804075,0.383325,0.800669,0.423422,0.797303,0.435025,2
0.767868,0.536166,0.717296,0.521084,0.682087,0.467249,0.709492,0.423386,0.75513,0.414873,0.693033,0.408413,0.685488,0.37003,0.695962,0.422084,0.701397,0.436477,0.727339,0.398125,0.722633,0.359306,0.730727,0.421445,0.7348,0.428565,0.761503,0.397779,0.762557,0.367825,0.76387,0.423903,0.763801,0.429502,0.797678,0.40457,0.796818,0.379938,0.792805,0.420323,0.790886,0.432127,2
0.765848,0.536691,0.718822,0.522016,0.682097,0.468976,0.704374,0.422649,0.748076,0.413492,0.685829,0.413569,0.682049,0.370346,0.695784,0.422243,0.700394,0.436825,0.720806,0.400876,0.718713,0.358806,0.73017,0.421933,0.732765,0.429327,0.756309,0.398128,0.76025,0.369385,0.763106,0.426542,0.760297,0.431477,0.793398,0.402736,0.795827,0.379978,0.792943,0.421538,0.788568,0.432741,2
0.755589,0.539695,0.704133,0.523568,0.668704,0.472695,0.694071,0.425871,0.737468,0.416434,0.678083,0.412785,0.669958,0.374618,0.678708,0.425418,0.682463,0.438367,0.71306,0.402777,0.708127,0.363885,0.715844,0.424364,0.719659,0.431255,0.748061,0.402376,0.749375,0.372882,0.750744,0.42764,0.750175,0.433611,0.784852,0.409129,0.784141,0.38339,0.779828,0.423819,0.776857,0.43693,2
0.754256,0.540023,0.7032,0.527076,0.667109,0.473867,0.69304,0.424451,0.738516,0.413133,0.675773,0.417494,0.667529,0.374316,0.677206,0.425304,0.683141,0.441992,0.709303,0.405849,0.705885,0.362906,0.714045,0.423199,0.718274,0.432649,0.743237,0.403941,0.746606,0.370016,0.747698,0.425503,0.746413,0.4345,0.779612,0.409429,0.781215,0.382525,0.776971,0.423233,0.773153,0.437238,2
0.742308,0.538695,0.69116,0.524208,0.654695,0.474297,0.678373,0.426428,0.722061,0.418431,0.668524,0.413616,0.657501,0.373628,0.66446,0.424077,0.669348,0.439647,0.701562,0.404662,0.692437,0.362521,0.698474,0.42268,0.70516,0.431049,0.734208,0.405005,0.732122,0.370659,0.732992,0.426343,0.736071,0.433968,0.769453,0.412539,0.76576,0.382406,0.761701,0.42352,0.762361,0.438242,2
0.738413,0.538355,0.688193,0.52197,0.650814,0.473449,0.673328,0.426446,0.718985,0.416064,0.659549,0.412345,0.651971,0.375201,0.661266,0.425137,0.665263,0.441142,0.693393,0.400971,0.687851,0.359852,0.697023,0.421076,0.701993,0.431684,0.727453,0.399897,0.72859,0.369499,0.730188,0.425895,0.729301,0.434217,0.76372,0.407396,0.763297,0.383289,0.759275,0.424476,0.75614,0.438154,2
0.728068,0.538,0.676073,0.522806,0.637194,0.474848,0.658043,0.424749,0.701983,0.416088,0.647465,0.416472,0.634308,0.377109,0.644674,0.426524,0.651277,0.440134,0.680197,0.403596,0.671374,0.359278,0.680011,0.418979,0.686629,0.428443,0.713718,0.402497,0.712375,0.366688,0.713988,0.422365,0.715863,0.430952,0.749857,0.409648,0.745807,0.384064,0.742432,0.423845,0.742449,0.437538,2
0.725676,0.539884,0.671965,0.526735,0.63456,0.477159,0.656144,0.425059,0.698787,0.408723,0.645491,0.418524,0.635832,0.376425,0.643621,0.425321,0.650377,0.443168,0.678261,0.406614,0.670649,0.358482,0.677318,0.418848,0.684532,0.431979,0.711727,0.404824,0.710511,0.364729,0.710265,0.421934,0.711584,0.434063,0.748109,0.410752,0.74441,0.383245,0.73869,0.424514,0.737429,0.439136,2
0.71638,0.543442,0.665395,0.525441,0.626449,0.477871,0.643664,0.430134,0.686142,0.418403,0.637579,0.41933,0.622201,0.378992,0.633037,0.427508,0.641831,0.443647,0.669234,0.406776,0.659848,0.362407,0.668339,0.42124,0.676533,0.431907,0.702173,0.405619,0.698621,0.36667,0.699414,0.422496,0.702312,0.433102,0.737891,0.413018,0.731356,0.385344,0.726364,0.425368,0.726929,0.440338,2
0.715622,0.543378,0.665771,0.52609,0.627298,0.474914,0.646118,0.425844,0.691849,0.415908,0.637243,0.422411,0.625137,0.377725,0.634981,0.426809,0.642594,0.44379,0.669393,0.410442,0.661257,0.362316,0.669328,0.421103,0.676603,0.432705,0.702662,0.408251,0.701275,0.367702,0.701259,0.423574,0.702268,0.435543,0.738518,0.413818,0.734546,0.384635,0.729416,0.424003,0.728876,0.439094,2
0.714445,0.539987,0.662669,0.525567,0.623487,0.473775,0.644325,0.426293,0.688831,0.416652,0.632427,0.419222,0.618288,0.379593,0.628296,0.428635,0.636437,0.445933,0.665043,0.405397,0.655118,0.360645,0.663556,0.421105,0.672406,0.432433,0.698653,0.403587,0.694976,0.366828,0.695406,0.423728,0.698251,0.432633,0.734722,0.41029,0.728837,0.386321,0.723601,0.426512,0.724597,0.438748,2
0.698615,0.538916,0.650905,0.525216,0.609591,0.478891,0.622066,0.431467,0.663518,0.421933,0.620077,0.419045,0.607934,0.385565,0.617176,0.434233,0.621958,0.444677,0.651532,0.405513,0.642723,0.367642,0.651175,0.426082,0.656928,0.43065,0.684674,0.403636,0.682747,0.37169,0.683365,0.426724,0.683592,0.43217,0.720209,0.409825,0.713888,0.386632,0.710425,0.426111,0.710562,0.437677,2
0.689496,0.53724,0.641524,0.524715,0.599782,0.484086,0.609599,0.437721,0.649548,0.421335,0.610131,0.423192,0.594336,0.387743,0.605405,0.435789,0.612411,0.445177,0.640758,0.408361,0.628988,0.369542,0.638279,0.426615,0.64598,0.431136,0.672932,0.405139,0.667985,0.37515,0.671213,0.429973,0.67478,0.434551,0.708644,0.409186,0.699986,0.385754,0.698064,0.426313,0.700021,0.437212,2
0.685078,0.540804,0.636605,0.530574,0.59449,0.486414,0.606402,0.437937,0.646532,0.421411,0.605356,0.429373,0.586622,0.393089,0.59985,0.437747,0.610043,0.450561,0.63631,0.41359,0.619616,0.371498,0.631643,0.426561,0.643061,0.436848,0.668496,0.409143,0.657696,0.377683,0.662146,0.430771,0.668454,0.439817,0.70423,0.412566,0.690801,0.386418,0.68796,0.425573,0.691468,0.439604,2
0.68185,0.539554,0.635862,0.53154,0.592385,0.488686,0.600872,0.438251,0.639748,0.417335,0.601251,0.430391,0.584463,0.392726,0.599506,0.438673,0.608224,0.450557,0.6319,0.413597,0.61811,0.371306,0.632228,0.427874,0.640637,0.435309,0.664204,0.407314,0.657145,0.376167,0.663377,0.431314,0.666466,0.438279,0.700084,0.408209,0.690766,0.380497,0.689823,0.421804,0.690662,0.435732,2
0.68012,0.539242,0.633097,0.530417,0.589395,0.485931,0.599247,0.436594,0.639053,0.419534,0.600863,0.430449,0.582699,0.391437,0.597851,0.438947,0.60647,0.450323,0.631659,0.414843,0.615402,0.370667,0.628278,0.427833,0.637017,0.435693,0.664025,0.409729,0.654138,0.375864,0.659624,0.430966,0.664017,0.439076,0.70011,0.411118,0.688075,0.382611,0.686445,0.422654,0.689104,0.436238,2
0.67638,0.541641,0.629116,0.532419,0.586371,0.486633,0.598045,0.437847,0.637612,0.420564,0.598947,0.42954,0.578433,0.395639,0.593085,0.441831,0.603814,0.450382,0.629253,0.414986,0.611542,0.37586,0.623577,0.431905,0.634208,0.438456,0.660903,0.410347,0.648946,0.380331,0.654137,0.434694,0.660725,0.441416,0.696443,0.411273,0.682498,0.385099,0.680703,0.425732,0.685085,0.438857,2
0.672967,0.540942,0.62637,0.530483,0.584688,0.485304,0.597616,0.436805,0.638507,0.421246,0.596838,0.432612,0.577798,0.395393,0.591834,0.441105,0.60211,0.450603,0.626909,0.417971,0.611331,0.377713,0.622452,0.432597,0.631421,0.439084,0.658168,0.412712,0.64782,0.380805,0.652072,0.433936,0.657108,0.441844,0.693319,0.41335,0.680891,0.385216,0.678835,0.424942,0.681948,0.440046,2
0.673839,0.53989,0.626691,0.532318,0.584932,0.48712,0.598509,0.43754,0.639221,0.421345,0.594296,0.433386,0.577515,0.39747,0.593724,0.442149,0.604123,0.452702,0.624547,0.417984,0.610886,0.377136,0.624554,0.432315,0.633507,0.440766,0.656066,0.412509,0.64857,0.380921,0.654377,0.434074,0.658628,0.442034,0.691393,0.413309,0.681347,0.388174,0.68024,0.427298,0.682621,0.440262,2
0.667577,0.542379,0.6221,0.533076,0.582832,0.487999,0.596772,0.4401,0.636108,0.42369,0.594435,0.434219,0.576728,0.397155,0.591327,0.443431,0.601548,0.45466,0.624248,0.42097,0.609636,0.380953,0.621033,0.436034,0.629653,0.442259,0.655229,0.416097,0.646454,0.382238,0.650833,0.43548,0.655249,0.442415,0.68994,0.416187,0.679307,0.388136,0.677403,0.426948,0.680522,0.439712,2
0.669736,0.540795,0.624627,0.532605,0.584783,0.48817,0.598894,0.440945,0.638505,0.423505,0.593155,0.431857,0.57653,0.398142,0.593944,0.443701,0.604301,0.452425,0.622941,0.416844,0.610128,0.380445,0.624339,0.435534,0.631701,0.441384,0.654075,0.411101,0.646862,0.382621,0.653618,0.435973,0.656948,0.442141,0.689044,0.411053,0.681098,0.390027,0.680022,0.429731,0.680697,0.441405,2
0.67161,0.538625,0.625818,0.532104,0.584144,0.487462,0.596698,0.439159,0.63602,0.421947,0.595138,0.433992,0.576723,0.398271,0.59358,0.443601,0.604289,0.45303,0.624606,0.418842,0.609568,0.380038,0.623643,0.434918,0.632129,0.442096,0.655297,0.412443,0.645831,0.381647,0.653072,0.434872,0.657663,0.442091,0.69009,0.411234,0.680091,0.388669,0.679769,0.428336,0.682135,0.440243,2
0.680137,0.541143,0.632675,0.53568,0.589623,0.489764,0.602223,0.439814,0.643593,0.424144,0.599533,0.438279,0.580625,0.398363,0.596544,0.442441,0.607046,0.454679,0.629625,0.422007,0.612759,0.37709,0.626899,0.43126,0.636936,0.442118,0.6611,0.415032,0.651873,0.380583,0.658731,0.434289,0.663613,0.445734,0.696247,0.414102,0.685262,0.388951,0.684741,0.428373,0.687375,0.442398,2
0.683158,0.543324,0.635606,0.533975,0.593341,0.487847,0.605462,0.44046,0.646248,0.426456,0.602999,0.435922,0.585456,0.39552,0.601051,0.440075,0.61108,0.454767,0.632999,0.420333,0.61674,0.3742,0.630618,0.4282,0.640361,0.441448,0.664747,0.414041,0.656048,0.379555,0.662697,0.431763,0.666839,0.444544,0.69971,0.414635,0.688758,0.386952,0.688216,0.42538,0.690596,0.440724,2
0.688315,0.54242,0.642757,0.53245,0.599587,0.488641,0.608146,0.439743,0.648575,0.424567,0.608389,0.432994,0.593578,0.391482,0.606929,0.437933,0.613498,0.448811,0.639363,0.418491,0.626845,0.37209,0.637788,0.427468,0.643928,0.433616,0.671805,0.413703,0.667512,0.375002,0.671188,0.428643,0.672272,0.437247,0.707002,0.415652,0.699017,0.383579,0.698363,0.421711,0.699991,0.435449,2
0.69178,0.541218,0.642405,0.530753,0.601542,0.48422,0.617071,0.435597,0.66048,0.424724,0.612159,0.426888,0.598714,0.388507,0.611084,0.437278,0.618696,0.449086,0.643654,0.414707,0.631947,0.370282,0.641458,0.42793,0.648945,0.434531,0.676081,0.412337,0.672388,0.374023,0.674363,0.429431,0.67716,0.438115,0.711149,0.416536,0.70434,0.386208,0.70102,0.425384,0.702733,0.438872,2
0.704419,0.542988,0.656891,0.53115,0.617401,0.484554,0.631221,0.435827,0.671434,0.423163,0.625088,0.42681,0.612167,0.386344,0.624809,0.431931,0.631948,0.451072,0.657703,0.414275,0.646447,0.366034,0.657766,0.420947,0.664674,0.437707,0.691332,0.412186,0.68799,0.371958,0.689835,0.421947,0.688878,0.436565,0.726826,0.418526,0.720508,0.388856,0.717955,0.424075,0.717034,0.439719,2
0.707933,0.542283,0.658211,0.531213,0.617934,0.483829,0.634192,0.435345,0.678832,0.424249,0.628666,0.423459,0.614163,0.380761,0.624573,0.429628,0.632173,0.446426,0.661255,0.412621,0.649893,0.36433,0.658185,0.423468,0.666288,0.43623,0.694658,0.411725,0.69106,0.372235,0.690855,0.427907,0.692633,0.440965,0.730638,0.418568,0.725143,0.385717,0.719351,0.423959,0.719024,0.440742,2
0.721104,0.549783,0.670817,0.535848,0.630309,0.485508,0.645322,0.433527,0.687997,0.422069,0.640707,0.427186,0.627164,0.382582,0.63875,0.433023,0.645781,0.45204,0.673751,0.415045,0.663307,0.365568,0.673268,0.42513,0.6803,0.438496,0.708132,0.412807,0.704774,0.37091,0.706335,0.425566,0.707674,0.438481,0.744985,0.418361,0.739398,0.38451,0.735797,0.422897,0.736253,0.43927,2
0.724738,0.55072,0.669875,0.538092,0.630183,0.485964,0.651099,0.431893,0.696354,0.421303,0.641422,0.422755,0.628725,0.384379,0.639252,0.434488,0.646575,0.447455,0.674185,0.410249,0.664146,0.364637,0.67245,0.425124,0.680455,0.434003,0.707984,0.408899,0.704988,0.369743,0.705171,0.426489,0.707352,0.435285,0.744978,0.415132,0.739721,0.386004,0.734592,0.425577,0.734991,0.438328,2
0.730391,0.551231,0.677893,0.537268,0.638547,0.485169,0.65823,0.432434,0.702941,0.422004,0.647139,0.424765,0.636625,0.381557,0.646953,0.432749,0.652795,0.447258,0.680284,0.411972,0.672413,0.364529,0.680451,0.425445,0.686078,0.434934,0.714955,0.409538,0.713495,0.368372,0.713824,0.42692,0.714198,0.437768,0.752629,0.414941,0.747034,0.384836,0.742461,0.425815,0.742593,0.440728,2
0.733079,0.552547,0.678774,0.538677,0.638698,0.487004,0.66037,0.433315,0.708958,0.422533,0.647588,0.419849,0.635474,0.379929,0.647003,0.432502,0.653654,0.445752,0.681517,0.407117,0.672067,0.35984,0.681675,0.423568,0.688303,0.432688,0.716869,0.406009,0.715702,0.367434,0.716351,0.427267,0.716641,0.436575,0.755252,0.413364,0.751118,0.385714,0.746419,0.427694,0.745394,0.441608,2
0.740511,0.555035,0.689748,0.541694,0.648509,0.492669,0.664126,0.43871,0.709056,0.424607,0.657989,0.426951,0.647838,0.383716,0.656024,0.43158,0.658846,0.448022,0.692253,0.414052,0.682223,0.365556,0.692291,0.424138,0.697687,0.437392,0.727623,0.411545,0.726143,0.369664,0.728448,0.425225,0.726566,0.439489,0.765858,0.418003,0.762885,0.384497,0.758917,0.424872,0.755149,0.443957,2
0.740748,0.553169,0.688375,0.541117,0.6468,0.495563,0.665125,0.442235,0.711953,0.424124,0.654338,0.422157,0.644399,0.380306,0.652293,0.424783,0.654863,0.442335,0.689881,0.409367,0.682976,0.362331,0.693605,0.422849,0.698154,0.437173,0.726207,0.407863,0.726496,0.369857,0.729503,0.426111,0.727296,0.438552,0.765639,0.415734,0.763898,0.384343,0.760874,0.424568,0.756594,0.441197,2
0.749001,0.557784,0.69712,0.541506,0.656353,0.487762,0.675496,0.43552,0.721107,0.426775,0.664816,0.42554,0.659503,0.380948,0.668339,0.431454,0.669456,0.44999,0.699633,0.412949,0.693014,0.365597,0.70298,0.424969,0.706163,0.438666,0.735385,0.410635,0.735828,0.370946,0.738779,0.426582,0.735522,0.441303,0.773173,0.41768,0.77176,0.38662,0.768583,0.427329,0.764265,0.44605,2
0.750312,0.55701,0.698064,0.544311,0.657914,0.49171,0.67896,0.437686,0.726752,0.426939,0.666419,0.422708,0.65936,0.379368,0.665068,0.428921,0.664763,0.444904,0.701491,0.410907,0.696428,0.36635,0.704325,0.427933,0.706551,0.437048,0.73727,0.409674,0.737436,0.371756,0.739596,0.429965,0.737595,0.440737,0.775911,0.416676,0.774448,0.384928,0.770818,0.427667,0.767615,0.444775,2
0.758622,0.557695,0.707423,0.542156,0.665783,0.487449,0.68719,0.435078,0.735561,0.426129,0.672938,0.422195,0.66918,0.380111,0.680148,0.434236,0.682629,0.446409,0.709068,0.408912,0.704927,0.364917,0.714814,0.428433,0.717483,0.435186,0.745947,0.406472,0.748515,0.372879,0.750546,0.431389,0.746967,0.439644,0.784755,0.412823,0.78427,0.386215,0.781148,0.428779,0.777146,0.443631,2
0.762281,0.554397,0.709337,0.543512,0.666359,0.489123,0.689503,0.437034,0.739613,0.427305,0.672716,0.414231,0.670356,0.381056,0.681245,0.435788,0.68271,0.446698,0.708551,0.399709,0.707917,0.364684,0.718385,0.429298,0.719065,0.432793,0.745083,0.396805,0.751984,0.372184,0.753997,0.431258,0.748167,0.435351,0.784005,0.402332,0.788553,0.383713,0.785482,0.427575,0.778924,0.439101,2
0.766216,0.557165,0.714227,0.543999,0.671708,0.488458,0.69464,0.436785,0.745612,0.428397,0.679187,0.416292,0.67444,0.382638,0.684227,0.435315,0.684255,0.444725,0.715913,0.402177,0.713043,0.367256,0.722952,0.430257,0.723823,0.433326,0.75321,0.400326,0.758099,0.377241,0.760008,0.433655,0.755321,0.436605,0.792293,0.406521,0.794579,0.38777,0.791534,0.430068,0.786674,0.441903,2
0.76729,0.555291,0.715937,0.544146,0.672849,0.493316,0.694675,0.442068,0.746604,0.429047,0.678957,0.416658,0.672504,0.382832,0.685592,0.439816,0.689259,0.448231,0.716391,0.401529,0.71273,0.366525,0.724258,0.433677,0.72668,0.434418,0.754581,0.398603,0.758817,0.37498,0.760985,0.435366,0.756741,0.436049,0.79487,0.403983,0.796144,0.385132,0.793304,0.429162,0.788715,0.438352,2
0.774811,0.559953,0.722704,0.5468,0.680461,0.489912,0.704043,0.438535,0.753684,0.432038,0.685653,0.41948,0.682828,0.381508,0.696703,0.43624,0.700308,0.448591,0.723332,0.403889,0.720769,0.36337,0.733737,0.430614,0.73565,0.437244,0.761831,0.400532,0.76887,0.375677,0.771806,0.434222,0.766294,0.439337,0.8013,0.405833,0.806086,0.386392,0.803557,0.427892,0.797014,0.439628,2
0.775441,0.559538,0.724087,0.547311,0.682543,0.490063,0.708905,0.438418,0.762037,0.431444,0.687695,0.416696,0.680859,0.381533,0.693193,0.438705,0.696045,0.446341,0.725014,0.401428,0.722304,0.367501,0.732467,0.435002,0.733697,0.43409,0.763451,0.39935,0.7691,0.375683,0.770132,0.436215,0.765463,0.436285,0.803636,0.405436,0.80727,0.386028,0.803245,0.429558,0.797922,0.439328,2
0.781687,0.562675,0.729842,0.549334,0.687182,0.493232,0.710429,0.440319,0.761937,0.431511,0.693985,0.420089,0.687496,0.38268,0.701311,0.439458,0.706875,0.448418,0.731887,0.404782,0.728001,0.365777,0.739487,0.433933,0.742872,0.438071,0.770128,0.401868,0.775799,0.377898,0.777835,0.43911,0.773986,0.442708,0.810072,0.407665,0.812771,0.387113,0.809392,0.431128,0.804127,0.442286,2
0.784123,0.559817,0.731442,0.549093,0.687034,0.492832,0.711427,0.439546,0.765129,0.428828,0.6967,0.42112,0.686428,0.379427,0.70176,0.43721,0.707403,0.446826,0.73423,0.405877,0.729095,0.363654,0.741416,0.432637,0.743687,0.435959,0.772117,0.402788,0.775717,0.373798,0.778951,0.436176,0.775383,0.438874,0.812225,0.407716,0.814382,0.382374,0.811867,0.427288,0.807,0.438946,2
0.78653,0.564155,0.734564,0.550707,0.691551,0.490031,0.716348,0.436279,0.768271,0.432501,0.69952,0.417026,0.692865,0.3791,0.706318,0.437375,0.710336,0.447447,0.73793,0.402705,0.733212,0.36418,0.744039,0.433098,0.745922,0.435136,0.776362,0.401082,0.78069,0.37408,0.782127,0.435388,0.777334,0.436742,0.816099,0.407625,0.819289,0.386414,0.815978,0.431379,0.810814,0.442051,2
0.790698,0.561339,0.736669,0.549973,0.692816,0.491976,0.718759,0.437269,0.771876,0.429357,0.69949,0.418562,0.693213,0.377642,0.708591,0.436677,0.714372,0.447913,0.738103,0.402467,0.735283,0.363358,0.748054,0.433279,0.749596,0.437481,0.776658,0.398492,0.78242,0.37283,0.785502,0.434716,0.779952,0.437157,0.816831,0.402916,0.82161,0.384306,0.819094,0.429825,0.812808,0.440371,2
0.790505,0.565128,0.737335,0.551364,0.694742,0.491135,0.719837,0.43648,0.770866,0.431043,0.701744,0.420251,0.695993,0.377695,0.71097,0.434587,0.716856,0.449376,0.739877,0.405592,0.736723,0.363981,0.749546,0.431676,0.751961,0.438896,0.778014,0.402425,0.783923,0.372572,0.786903,0.432836,0.781263,0.438227,0.817566,0.407513,0.822808,0.384722,0.819607,0.429526,0.812604,0.441998,2
0.7897,0.565835,0.736118,0.550501,0.694205,0.492541,0.719183,0.439026,0.770613,0.431104,0.702107,0.419984,0.696039,0.377145,0.710994,0.43414,0.716986,0.44948,0.740227,0.405894,0.737046,0.363803,0.749833,0.431235,0.752349,0.439854,0.778248,0.403115,0.783509,0.371435,0.78665,0.431696,0.781721,0.439395,0.817602,0.409018,0.822643,0.382839,0.819379,0.427008,0.812337,0.441422,2
0.790565,0.563698,0.736477,0.550402,0.69396,0.489487,0.721654,0.435771,0.7745,0.426669,0.70157,0.418155,0.694318,0.376605,0.709956,0.435895,0.716119,0.447316,0.739937,0.402891,0.737356,0.362934,0.748962,0.43346,0.750105,0.437264,0.778864,0.399453,0.783973,0.369086,0.786664,0.433027,0.781869,0.436874,0.819843,0.403942,0.823798,0.380775,0.820415,0.427377,0.81438,0.439352,2
0.791294,0.561995,0.736593,0.549255,0.693774,0.488461,0.719702,0.433462,0.772317,0.426878,0.70304,0.415842,0.696033,0.373696,0.710729,0.434523,0.715702,0.44699,0.741387,0.401677,0.737936,0.360575,0.748993,0.431167,0.749728,0.435043,0.779823,0.398875,0.784116,0.366458,0.786769,0.429868,0.781772,0.433274,0.820503,0.403691,0.824537,0.376619,0.821306,0.422217,0.815257,0.434904,2
0.790801,0.562095,0.736879,0.547653,0.694866,0.486435,0.721785,0.432117,0.774786,0.426297,0.703748,0.415576,0.697316,0.3723,0.711924,0.432062,0.716866,0.444011,0.741914,0.401212,0.738312,0.35863,0.749194,0.428837,0.750015,0.432442,0.780235,0.398295,0.785087,0.365509,0.787071,0.429053,0.781881,0.432923,0.820642,0.403413,0.82569,0.376956,0.821737,0.422619,0.81516,0.435685,2
0.792156,0.562402,0.737957,0.547422,0.694982,0.489583,0.721077,0.436376,0.773287,0.427704,0.702493,0.416615,0.695359,0.374581,0.712622,0.432927,0.719222,0.445808,0.741589,0.401841,0.738057,0.360535,0.751814,0.429913,0.753646,0.436223,0.780596,0.398455,0.785149,0.366266,0.789048,0.427701,0.784204,0.432764,0.821201,0.40348,0.826487,0.379588,0.823199,0.424435,0.816232,0.436891,2
0.793025,0.562879,0.738221,0.549531,0.695787,0.487148,0.723259,0.432531,0.77677,0.425814,0.705815,0.414863,0.698327,0.372549,0.712737,0.432248,0.718721,0.445518,0.743861,0.400155,0.740135,0.3572,0.751125,0.428501,0.753248,0.434764,0.782208,0.397367,0.786927,0.363283,0.788667,0.427297,0.784221,0.43281,0.822936,0.402576,0.827566,0.376637,0.82301,0.422477,0.816524,0.435566,2
0.793081,0.560637,0.738549,0.547513,0.695988,0.485781,0.72404,0.4313,0.777908,0.423893,0.706802,0.414326,0.700092,0.370967,0.714547,0.430609,0.720131,0.444869,0.745334,0.400454,0.741809,0.356901,0.752606,0.426812,0.753885,0.433957,0.783772,0.397777,0.788101,0.362058,0.790102,0.425956,0.785194,0.433643,0.824334,0.403125,0.828558,0.375033,0.824503,0.421303,0.817914,0.436321,2
0.796564,0.558794,0.741998,0.548241,0.698445,0.485777,0.726561,0.428871,0.781731,0.421463,0.707586,0.412179,0.701562,0.367205,0.717564,0.428484,0.723712,0.442321,0.746912,0.39728,0.743521,0.351749,0.756093,0.424922,0.757695,0.431708,0.785787,0.394823,0.790811,0.361327,0.793842,0.426282,0.788899,0.431354,0.826854,0.400491,0.831466,0.37488,0.827946,0.42082,0.821367,0.433867,2
0.798463,0.559836,0.743987,0.546095,0.700039,0.481615,0.726748,0.425138,0.781281,0.420104,0.707754,0.413546,0.701674,0.366785,0.719159,0.42679,0.725623,0.440583,0.747363,0.398341,0.744019,0.351007,0.757758,0.42276,0.759696,0.429329,0.786836,0.395354,0.791852,0.359727,0.795312,0.423315,0.790367,0.427761,0.828258,0.400257,0.832754,0.373801,0.829316,0.418979,0.822994,0.431324,2
0.800259,0.562411,0.746044,0.548182,0.701991,0.484291,0.727666,0.427704,0.781741,0.423048,0.709527,0.410825,0.702869,0.367048,0.719081,0.428181,0.72548,0.440466,0.74994,0.39564,0.745592,0.352928,0.757776,0.425141,0.760738,0.428869,0.790173,0.393956,0.794333,0.361805,0.796201,0.42635,0.791935,0.429439,0.832267,0.400442,0.836014,0.378286,0.830663,0.423745,0.824251,0.434366,2
0.802465,0.562379,0.747581,0.550161,0.703168,0.485766,0.730595,0.428078,0.785634,0.42161,0.710408,0.414508,0.703426,0.368086,0.720194,0.429618,0.727101,0.442811,0.750548,0.398398,0.747223,0.353985,0.760175,0.426666,0.76209,0.430867,0.790513,0.394987,0.796087,0.36229,0.798787,0.427174,0.79358,0.430391,0.832599,0.39953,0.837728,0.377178,0.833177,0.423834,0.825812,0.435365,2
0.802582,0.562674,0.747346,0.548777,0.704113,0.482059,0.732521,0.425208,0.788371,0.419837,0.711286,0.411309,0.705659,0.364941,0.722758,0.42594,0.729467,0.441165,0.752034,0.395866,0.748546,0.347885,0.762274,0.421434,0.76551,0.430438,0.792905,0.39395,0.79795,0.358754,0.800891,0.423741,0.796196,0.429985,0.835624,0.400541,0.839444,0.376028,0.83498,0.422122,0.828274,0.434885,2
0.804105,0.56213,0.749983,0.549221,0.705561,0.48469,0.731817,0.427217,0.785797,0.420262,0.712334,0.411442,0.70616,0.364157,0.723246,0.426765,0.729782,0.440645,0.75324,0.39605,0.749475,0.349876,0.762573,0.424968,0.764661,0.430295,0.794243,0.393773,0.798463,0.358684,0.801114,0.425985,0.79615,0.430048,0.837288,0.399767,0.840983,0.374631,0.836077,0.422536,0.829162,0.434771,2
0.806866,0.561653,0.751878,0.545041,0.707749,0.480633,0.734878,0.42288,0.791946,0.414852,0.717201,0.40922,0.711303,0.359848,0.727531,0.42212,0.733293,0.436783,0.758046,0.39379,0.754016,0.342111,0.766634,0.416031,0.768897,0.424304,0.799037,0.392377,0.803943,0.352519,0.806302,0.418067,0.80103,0.425348,0.841947,0.400192,0.84597,0.367796,0.841691,0.413393,0.835233,0.428754,2
0.808317,0.56092,0.751008,0.542899,0.707764,0.477906,0.738531,0.421009,0.79706,0.413396,0.716284,0.405053,0.709764,0.357711,0.727238,0.420685,0.73374,0.434696,0.757996,0.389381,0.754535,0.341839,0.767953,0.416025,0.770217,0.422679,0.799757,0.38766,0.804672,0.349918,0.807196,0.416806,0.802073,0.424325,0.843549,0.395774,0.848096,0.365941,0.842862,0.412361,0.835349,0.427433,2
0.808552,0.56339,0.751427,0.546119,0.707577,0.479466,0.738267,0.420085,0.797109,0.412735,0.717004,0.405496,0.709217,0.358195,0.726992,0.421154,0.734979,0.435661,0.758729,0.389943,0.754161,0.342037,0.767218,0.416513,0.77068,0.423533,0.800375,0.388844,0.804991,0.350503,0.806772,0.417148,0.802721,0.423948,0.844301,0.39723,0.848223,0.365712,0.842494,0.411613,0.836177,0.426259,2
0.809133,0.568923,0.7489,0.548389,0.703587,0.481516,0.733288,0.422586,0.791296,0.413003,0.712571,0.404671,0.704973,0.359142,0.723808,0.419637,0.732979,0.437637,0.75558,0.388232,0.751285,0.342565,0.76697,0.415038,0.771215,0.4269,0.798604,0.386521,0.802187,0.350343,0.806313,0.414364,0.801952,0.424738,0.843264,0.395674,0.846875,0.364569,0.842449,0.409697,0.835205,0.426006,2
0.809057,0.57732,0.747614,0.558371,0.699275,0.488213,0.729298,0.426042,0.789947,0.415808,0.710247,0.410595,0.699187,0.361786,0.719139,0.425246,0.728607,0.441981,0.754108,0.392075,0.747545,0.344519,0.763369,0.420891,0.767566,0.431079,0.797989,0.389663,0.80124,0.353706,0.80463,0.420699,0.800002,0.428924,0.843769,0.397727,0.847126,0.369258,0.842676,0.415942,0.835983,0.430191,2
0.810014,0.580057,0.7465,0.560894,0.697311,0.491655,0.728604,0.428681,0.789821,0.416639,0.709157,0.411116,0.698193,0.361484,0.717717,0.426977,0.727235,0.44525,0.753524,0.393376,0.746608,0.343632,0.76257,0.421638,0.767332,0.431933,0.797873,0.391198,0.800938,0.350254,0.804419,0.420671,0.800066,0.430481,0.844335,0.399953,0.847298,0.367193,0.842054,0.415753,0.834785,0.431626,2
0.807652,0.581349,0.743078,0.560402,0.693736,0.49021,0.723404,0.42805,0.784212,0.418492,0.707436,0.409919,0.696528,0.362109,0.714119,0.427471,0.722127,0.444544,0.751545,0.392167,0.744394,0.343172,0.75911,0.419956,0.763385,0.429224,0.796163,0.389853,0.798966,0.349651,0.801741,0.419746,0.796782,0.429529,0.843018,0.398417,0.845951,0.365768,0.840395,0.4152,0.832632,0.431932,2
0.800849,0.589532,0.733868,0.566065,0.682223,0.497449,0.713398,0.432747,0.779642,0.423267,0.699357,0.409468,0.684568,0.364347,0.701664,0.433053,0.711071,0.44703,0.745789,0.392613,0.735659,0.34457,0.749651,0.425404,0.756182,0.43265,0.792172,0.392618,0.791673,0.351507,0.793888,0.423073,0.792726,0.430954,0.840581,0.404091,0.839335,0.370672,0.833289,0.421319,0.82884,0.43682,2
0.798479,0.597998,0.731755,0.579501,0.67629,0.511714,0.704498,0.443736,0.77147,0.428257,0.689086,0.417882,0.676655,0.368404,0.695463,0.439023,0.704987,0.453599,0.737115,0.398998,0.728523,0.349935,0.744252,0.434015,0.749955,0.439653,0.785281,0.396946,0.786795,0.358815,0.790062,0.434775,0.787436,0.440869,0.836243,0.405883,0.836015,0.375343,0.830374,0.429144,0.824842,0.443589,2
0.798236,0.603459,0.730698,0.585177,0.673951,0.515975,0.702449,0.447993,0.768808,0.436213,0.684543,0.421272,0.674443,0.368137,0.69523,0.439637,0.703945,0.457349,0.733483,0.401378,0.726269,0.350579,0.743191,0.435594,0.747265,0.442847,0.782235,0.398539,0.785573,0.358765,0.789233,0.435369,0.784501,0.442779,0.833116,0.406745,0.835591,0.37811,0.829729,0.431484,0.82231,0.446071,2
0.789998,0.616899,0.72387,0.599183,0.667123,0.524835,0.694135,0.456579,0.759332,0.448126,0.680093,0.434657,0.665205,0.377761,0.683783,0.452038,0.692282,0.467632,0.727797,0.415332,0.71878,0.362818,0.732417,0.449915,0.73716,0.45416,0.77607,0.413119,0.777703,0.36883,0.779191,0.447886,0.776962,0.454284,0.826863,0.420967,0.826504,0.385808,0.821658,0.440321,0.819066,0.45482,2
0.791189,0.621309,0.722343,0.601629,0.664799,0.524887,0.694176,0.456316,0.761368,0.45123,0.67644,0.435785,0.66226,0.377613,0.68416,0.45344,0.693648,0.470255,0.725164,0.416499,0.716052,0.361591,0.732326,0.450858,0.737208,0.456383,0.774599,0.413911,0.775954,0.368551,0.779147,0.449764,0.776682,0.457222,0.826292,0.42115,0.826078,0.386718,0.820504,0.442762,0.816471,0.457827,2
0.784853,0.639959,0.715469,0.619653,0.656934,0.536235,0.686444,0.46667,0.754471,0.465217,0.670421,0.447251,0.655014,0.390334,0.674752,0.466849,0.682933,0.481527,0.719236,0.42777,0.709844,0.373454,0.723899,0.462679,0.728285,0.466686,0.769125,0.425529,0.769469,0.382352,0.771886,0.463597,0.769902,0.46888,0.821775,0.43353,0.820468,0.396624,0.815577,0.453596,0.813068,0.469349,2
0.78648,0.645031,0.716488,0.622334,0.658864,0.54137,0.690295,0.472523,0.759569,0.467393,0.671323,0.444364,0.654237,0.38815,0.675872,0.46903,0.685851,0.484753,0.720982,0.426173,0.711127,0.37251,0.726405,0.466373,0.731327,0.469686,0.77149,0.424556,0.771863,0.381664,0.774721,0.467967,0.772798,0.473413,0.824592,0.43352,0.823215,0.396863,0.817433,0.458111,0.81395,0.474564,2
